{
  "tab_enabled": true,
  "tab_name": "bow",
  "tab_stack": {
    "name": "minecraft:bow"
  },
  "tab_items": [
    {
      "name": "minecraft:bow",
      "hide_old_tab": true
    },
    {
      "name": "rats:ratlantis_bow",
      "hide_old_tab": true
    },
    {
      "name": "aether:phoenix_bow",
      "hide_old_tab": true
    },
    {
      "name": "aquaculture:neptunium_bow",
      "hide_old_tab": true
    },
    {
      "name": "magistuarmory:heavy_crossbow",
      "hide_old_tab": true
    },
    {
      "name": "magistuarmory:longbow",
      "hide_old_tab": true
    },
    {
      "name": "minecraft:crossbow",
      "hide_old_tab": true
    },
    {
      "name": "minecraft:arrow",
      "hide_old_tab": true
    },
    {
      "name": "supplementaries:rope_arrow",
      "hide_old_tab": true
    },
    {
      "name": "minecraft:spectral_arrow",
      "hide_old_tab": true
    },
    {
      "name": "minecraft:tipped_arrow",
      "hide_old_tab": true,
      "nbt": "{Potion: \"minecraft:fire_resistance\", customName: \"Pfeil der Feuerresistenz\"}"
    },
    {
      "name": "minecraft:tipped_arrow",
      "hide_old_tab": true,
      "nbt": "{Potion: \"minecraft:long_fire_resistance\", customName: \"Pfeil der Feuerresistenz (Verlängert)\"}"
    },

    {
      "name": "minecraft:tipped_arrow",
      "hide_old_tab": true,
      "nbt": "{Potion: \"minecraft:harming\", customName: \"Pfeil des Schadens\"}"
    },
    {
      "name": "minecraft:tipped_arrow",
      "hide_old_tab": true,
      "nbt": "{Potion: \"minecraft:strong_harming\", customName: \"Pfeil des Schadens II\"}"
    },

    {
      "name": "minecraft:tipped_arrow",
      "hide_old_tab": true,
      "nbt": "{Potion: \"minecraft:healing\", customName: \"Pfeil der Heilung\"}"
    },
    {
      "name": "minecraft:tipped_arrow",
      "hide_old_tab": true,
      "nbt": "{Potion: \"minecraft:strong_healing\", customName: \"Pfeil der Heilung II\"}"
    },

    {
      "name": "minecraft:tipped_arrow",
      "hide_old_tab": true,
      "nbt": "{Potion: \"minecraft:invisibility\", customName: \"Pfeil der Unsichtbarkeit\"}"
    },
    {
      "name": "minecraft:tipped_arrow",
      "hide_old_tab": true,
      "nbt": "{Potion: \"minecraft:long_invisibility\", customName: \"Pfeil der Unsichtbarkeit (Verlängert)\"}"
    },

    {
      "name": "minecraft:tipped_arrow",
      "hide_old_tab": true,
      "nbt": "{Potion: \"minecraft:leaping\", customName: \"Pfeil der Sprungkraft\"}"
    },
    {
      "name": "minecraft:tipped_arrow",
      "hide_old_tab": true,
      "nbt": "{Potion: \"minecraft:long_leaping\", customName: \"Pfeil der Sprungkraft (Verlängert)\"}"
    },
    {
      "name": "minecraft:tipped_arrow",
      "hide_old_tab": true,
      "nbt": "{Potion: \"minecraft:strong_leaping\", customName: \"Pfeil der Sprungkraft II\"}"
    },

    {
      "name": "minecraft:tipped_arrow",
      "hide_old_tab": true,
      "nbt": "{Potion: \"minecraft:luck\", customName: \"Pfeil des Glücks\"}"
    },

    {
      "name": "minecraft:tipped_arrow",
      "hide_old_tab": true,
      "nbt": "{Potion: \"minecraft:night_vision\", customName: \"Pfeil der Nachtsicht\"}"
    },
    {
      "name": "minecraft:tipped_arrow",
      "hide_old_tab": true,
      "nbt": "{Potion: \"minecraft:long_night_vision\", customName: \"Pfeil der Nachtsicht (Verlängert)\"}"
    },

    {
      "name": "minecraft:tipped_arrow",
      "hide_old_tab": true,
      "nbt": "{Potion: \"minecraft:poison\", customName: \"Pfeil des Gifts\"}"
    },
    {
      "name": "minecraft:tipped_arrow",
      "hide_old_tab": true,
      "nbt": "{Potion: \"minecraft:long_poison\", customName: \"Pfeil des Gifts (Verlängert)\"}"
    },
    {
      "name": "minecraft:tipped_arrow",
      "hide_old_tab": true,
      "nbt": "{Potion: \"minecraft:strong_poison\", customName: \"Pfeil des Gifts II\"}"
    },

    {
      "name": "minecraft:tipped_arrow",
      "hide_old_tab": true,
      "nbt": "{Potion: \"minecraft:regeneration\", customName: \"Pfeil der Regeneration\"}"
    },
    {
      "name": "minecraft:tipped_arrow",
      "hide_old_tab": true,
      "nbt": "{Potion: \"minecraft:long_regeneration\", customName: \"Pfeil der Regeneration (Verlängert)\"}"
    },
    {
      "name": "minecraft:tipped_arrow",
      "hide_old_tab": true,
      "nbt": "{Potion: \"minecraft:strong_regeneration\", customName: \"Pfeil der Regeneration II\"}"
    },

    {
      "name": "minecraft:tipped_arrow",
      "hide_old_tab": true,
      "nbt": "{Potion: \"minecraft:slow_falling\", customName: \"Pfeil des langsamen Falls\"}"
    },
    {
      "name": "minecraft:tipped_arrow",
      "hide_old_tab": true,
      "nbt": "{Potion: \"minecraft:long_slow_falling\", customName: \"Pfeil des langsamen Falls (Verlängert)\"}"
    },

    {
      "name": "minecraft:tipped_arrow",
      "hide_old_tab": true,
      "nbt": "{Potion: \"minecraft:slowness\", customName: \"Pfeil der Langsamkeit\"}"
    },
    {
      "name": "minecraft:tipped_arrow",
      "hide_old_tab": true,
      "nbt": "{Potion: \"minecraft:long_slowness\", customName: \"Pfeil der Langsamkeit (Verlängert)\"}"
    },
    {
      "name": "minecraft:tipped_arrow",
      "hide_old_tab": true,
      "nbt": "{Potion: \"minecraft:strong_slowness\", customName: \"Pfeil der Langsamkeit II\"}"
    },

    {
      "name": "minecraft:tipped_arrow",
      "hide_old_tab": true,
      "nbt": "{Potion: \"minecraft:strength\", customName: \"Pfeil der Stärke\"}"
    },
    {
      "name": "minecraft:tipped_arrow",
      "hide_old_tab": true,
      "nbt": "{Potion: \"minecraft:long_strength\", customName: \"Pfeil der Stärke (Verlängert)\"}"
    },
    {
      "name": "minecraft:tipped_arrow",
      "hide_old_tab": true,
      "nbt": "{Potion: \"minecraft:strong_strength\", customName: \"Pfeil der Stärke II\"}"
    },

    {
      "name": "minecraft:tipped_arrow",
      "hide_old_tab": true,
      "nbt": "{Potion: \"minecraft:swiftness\", customName: \"Pfeil der Schnelligkeit\"}"
    },
    {
      "name": "minecraft:tipped_arrow",
      "hide_old_tab": true,
      "nbt": "{Potion: \"minecraft:long_swiftness\", customName: \"Pfeil der Schnelligkeit (Verlängert)\"}"
    },
    {
      "name": "minecraft:tipped_arrow",
      "hide_old_tab": true,
      "nbt": "{Potion: \"minecraft:strong_swiftness\", customName: \"Pfeil der Schnelligkeit II\"}"
    },

    {
      "name": "minecraft:tipped_arrow",
      "hide_old_tab": true,
      "nbt": "{Potion: \"minecraft:turtle_master\", customName: \"Pfeil des Schildkrötenmeisters\"}"
    },
    {
      "name": "minecraft:tipped_arrow",
      "hide_old_tab": true,
      "nbt": "{Potion: \"minecraft:long_turtle_master\", customName: \"Pfeil des Schildkrötenmeisters (Verlängert)\"}"
    },
    {
      "name": "minecraft:tipped_arrow",
      "hide_old_tab": true,
      "nbt": "{Potion: \"minecraft:strong_turtle_master\", customName: \"Pfeil des Schildkrötenmeisters II\"}"
    },

    {
      "name": "minecraft:tipped_arrow",
      "hide_old_tab": true,
      "nbt": "{Potion: \"minecraft:water_breathing\", customName: \"Pfeil der Wasseratmung\"}"
    },
    {
      "name": "minecraft:tipped_arrow",
      "hide_old_tab": true,
      "nbt": "{Potion: \"minecraft:long_water_breathing\", customName: \"Pfeil der Wasseratmung (Verlängert)\"}"
    },

    {
      "name": "minecraft:tipped_arrow",
      "hide_old_tab": true,
      "nbt": "{Potion: \"minecraft:weakness\", customName: \"Pfeil der Schwäche\"}"
    },
    {
      "name": "minecraft:tipped_arrow",
      "hide_old_tab": true,
      "nbt": "{Potion: \"minecraft:long_weakness\", customName: \"Pfeil der Schwäche (Verlängert)\"}"
    }
  ]
}
