{
    "tab_enabled": true,
    "tab_name": "fences",
    "tab_stack": { "name": "minecraft:oak_fence" },
    "tab_items": [
        {
            "name": "aether:skyroot_fence",
            "hide_old_tab": true
        },
        {
            "name": "aether:skyroot_fence_gate",
            "hide_old_tab": true
        },
        {
            "name": "cfm:acacia_upgraded_fence",
            "hide_old_tab": true
        },
        {
            "name": "cfm:birch_upgraded_fence",
            "hide_old_tab": true
        },
        {
            "name": "cfm:black_picket_fence",
            "hide_old_tab": true
        },
        {
            "name": "cfm:blue_picket_fence",
            "hide_old_tab": true
        },
        {
            "name": "cfm:brown_picket_fence",
            "hide_old_tab": true
        },
        {
            "name": "cfm:crimson_upgraded_fence",
            "hide_old_tab": true
        },
        {
            "name": "cfm:cyan_picket_fence",
            "hide_old_tab": true
        },
        {
            "name": "cfm:dark_oak_upgraded_fence",
            "hide_old_tab": true
        },
        {
            "name": "cfm:gray_picket_fence",
            "hide_old_tab": true
        },
        {
            "name": "cfm:green_picket_fence",
            "hide_old_tab": true
        },
        {
            "name": "cfm:jungle_upgraded_fence",
            "hide_old_tab": true
        },
        {
            "name": "cfm:light_blue_picket_fence",
            "hide_old_tab": true
        },
        {
            "name": "cfm:light_gray_picket_fence",
            "hide_old_tab": true
        },
        {
            "name": "cfm:lime_picket_fence",
            "hide_old_tab": true
        },
        {
            "name": "cfm:magenta_picket_fence",
            "hide_old_tab": true
        },
        {
            "name": "cfm:mangrove_upgraded_fence",
            "hide_old_tab": true
        },
        {
            "name": "cfm:oak_upgraded_fence",
            "hide_old_tab": true
        },
        {
            "name": "cfm:orange_picket_fence",
            "hide_old_tab": true
        },
        {
            "name": "cfm:pink_picket_fence",
            "hide_old_tab": true
        },
        {
            "name": "cfm:purple_picket_fence",
            "hide_old_tab": true
        },
        {
            "name": "cfm:red_picket_fence",
            "hide_old_tab": true
        },
        {
            "name": "cfm:spruce_upgraded_fence",
            "hide_old_tab": true
        },
        {
            "name": "cfm:stripped_acacia_upgraded_fence",
            "hide_old_tab": true
        },
        {
            "name": "cfm:stripped_birch_upgraded_fence",
            "hide_old_tab": true
        },
        {
            "name": "cfm:stripped_crimson_upgraded_fence",
            "hide_old_tab": true
        },
        {
            "name": "cfm:stripped_dark_oak_upgraded_fence",
            "hide_old_tab": true
        },
        {
            "name": "cfm:stripped_jungle_upgraded_fence",
            "hide_old_tab": true
        },
        {
            "name": "cfm:stripped_mangrove_upgraded_fence",
            "hide_old_tab": true
        },
        {
            "name": "cfm:stripped_oak_upgraded_fence",
            "hide_old_tab": true
        },
        {
            "name": "cfm:stripped_spruce_upgraded_fence",
            "hide_old_tab": true
        },
        {
            "name": "cfm:stripped_warped_upgraded_fence",
            "hide_old_tab": true
        },
        {
            "name": "cfm:warped_upgraded_fence",
            "hide_old_tab": true
        },
        {
            "name": "cfm:white_picket_fence",
            "hide_old_tab": true
        },
        {
            "name": "cfm:yellow_picket_fence",
            "hide_old_tab": true
        },
        {
            "name": "copycats:copycat_fence",
            "hide_old_tab": true
        },
        {
            "name": "copycats:copycat_fence_gate",
            "hide_old_tab": true
        },
        {
            "name": "createdeco:andesite_mesh_fence",
            "hide_old_tab": true
        },
        {
            "name": "createdeco:brass_mesh_fence",
            "hide_old_tab": true
        },
        {
            "name": "createdeco:copper_mesh_fence",
            "hide_old_tab": true
        },
        {
            "name": "createdeco:industrial_iron_mesh_fence",
            "hide_old_tab": true
        },
        {
            "name": "createdeco:iron_mesh_fence",
            "hide_old_tab": true
        },
        {
            "name": "createdeco:zinc_mesh_fence",
            "hide_old_tab": true
        },
        {
            "name": "dawnoftimebuilder:birch_fancy_fence",
            "hide_old_tab": true
        },
        {
            "name": "dawnoftimebuilder:black_wrought_iron_fence",
            "hide_old_tab": true
        },
        {
            "name": "dawnoftimebuilder:charred_spruce_fence",
            "hide_old_tab": true
        },
        {
            "name": "dawnoftimebuilder:charred_spruce_fence_gate",
            "hide_old_tab": true
        },
        {
            "name": "dawnoftimebuilder:marble_fancy_fence",
            "hide_old_tab": true
        },
        {
            "name": "dawnoftimebuilder:reinforced_black_wrought_iron_fence",
            "hide_old_tab": true
        },
        {
            "name": "dawnoftimebuilder:reinforced_golden_wrought_iron_fence",
            "hide_old_tab": true
        },
        {
            "name": "dawnoftimebuilder:waxed_oak_fence",
            "hide_old_tab": true
        },
        {
            "name": "dawnoftimebuilder:waxed_oak_fence_gate",
            "hide_old_tab": true
        },
        {
            "name": "dawnoftimebuilder:wrought_iron_fence",
            "hide_old_tab": true
        },
        {
            "name": "decocraft:tire_fence_blue",
            "hide_old_tab": true
        },
        {
            "name": "decocraft:tire_fence_cyan",
            "hide_old_tab": true
        },
        {
            "name": "decocraft:tire_fence_gray",
            "hide_old_tab": true
        },
        {
            "name": "decocraft:tire_fence_green",
            "hide_old_tab": true
        },
        {
            "name": "decocraft:tire_fence_orange",
            "hide_old_tab": true
        },
        {
            "name": "decocraft:tire_fence_pink",
            "hide_old_tab": true
        },
        {
            "name": "decocraft:tire_fence_purple",
            "hide_old_tab": true
        },
        {
            "name": "decocraft:tire_fence_red",
            "hide_old_tab": true
        },
        {
            "name": "decocraft:tire_fence_yellow",
            "hide_old_tab": true
        },
        {
            "name": "framedblocks:framed_fence",
            "hide_old_tab": true
        },
        {
            "name": "framedblocks:framed_fence_gate",
            "hide_old_tab": true
        },
        {
            "name": "minecraft:acacia_fence",
            "hide_old_tab": true
        },
        {
            "name": "minecraft:acacia_fence_gate",
            "hide_old_tab": true
        },
        {
            "name": "minecraft:bamboo_fence",
            "hide_old_tab": true
        },
        {
            "name": "minecraft:bamboo_fence_gate",
            "hide_old_tab": true
        },
        {
            "name": "minecraft:birch_fence",
            "hide_old_tab": true
        },
        {
            "name": "minecraft:birch_fence_gate",
            "hide_old_tab": true
        },
        {
            "name": "minecraft:cherry_fence",
            "hide_old_tab": true
        },
        {
            "name": "minecraft:cherry_fence_gate",
            "hide_old_tab": true
        },
        {
            "name": "minecraft:crimson_fence",
            "hide_old_tab": true
        },
        {
            "name": "minecraft:crimson_fence_gate",
            "hide_old_tab": true
        },
        {
            "name": "minecraft:dark_oak_fence",
            "hide_old_tab": true
        },
        {
            "name": "minecraft:dark_oak_fence_gate",
            "hide_old_tab": true
        },
        {
            "name": "minecraft:jungle_fence",
            "hide_old_tab": true
        },
        {
            "name": "minecraft:jungle_fence_gate",
            "hide_old_tab": true
        },
        {
            "name": "minecraft:mangrove_fence",
            "hide_old_tab": true
        },
        {
            "name": "minecraft:mangrove_fence_gate",
            "hide_old_tab": true
        },
        {
            "name": "minecraft:nether_brick_fence",
            "hide_old_tab": true
        },
        {
            "name": "minecraft:oak_fence",
            "hide_old_tab": true
        },
        {
            "name": "minecraft:oak_fence_gate",
            "hide_old_tab": true
        },
        {
            "name": "minecraft:spruce_fence",
            "hide_old_tab": true
        },
        {
            "name": "minecraft:spruce_fence_gate",
            "hide_old_tab": true
        },
        {
            "name": "minecraft:warped_fence",
            "hide_old_tab": true
        },
        {
            "name": "minecraft:warped_fence_gate",
            "hide_old_tab": true
        },
        {
            "name": "rats:pirat_fence",
            "hide_old_tab": true
        },
        {
            "name": "rats:pirat_fence_gate",
            "hide_old_tab": true
        },
        {
            "name": "refurbished_furniture:acacia_lattice_fence",
            "hide_old_tab": true
        },
        {
            "name": "refurbished_furniture:acacia_lattice_fence_gate",
            "hide_old_tab": true
        },
        {
            "name": "refurbished_furniture:birch_lattice_fence",
            "hide_old_tab": true
        },
        {
            "name": "refurbished_furniture:birch_lattice_fence_gate",
            "hide_old_tab": true
        },
        {
            "name": "refurbished_furniture:cherry_lattice_fence",
            "hide_old_tab": true
        },
        {
            "name": "refurbished_furniture:cherry_lattice_fence_gate",
            "hide_old_tab": true
        },
        {
            "name": "refurbished_furniture:crimson_lattice_fence",
            "hide_old_tab": true
        },
        {
            "name": "refurbished_furniture:crimson_lattice_fence_gate",
            "hide_old_tab": true
        },
        {
            "name": "refurbished_furniture:dark_oak_lattice_fence",
            "hide_old_tab": true
        },
        {
            "name": "refurbished_furniture:dark_oak_lattice_fence_gate",
            "hide_old_tab": true
        },
        {
            "name": "refurbished_furniture:jungle_lattice_fence",
            "hide_old_tab": true
        },
        {
            "name": "refurbished_furniture:jungle_lattice_fence_gate",
            "hide_old_tab": true
        },
        {
            "name": "refurbished_furniture:mangrove_lattice_fence",
            "hide_old_tab": true
        },
        {
            "name": "refurbished_furniture:mangrove_lattice_fence_gate",
            "hide_old_tab": true
        },
        {
            "name": "refurbished_furniture:oak_lattice_fence",
            "hide_old_tab": true
        },
        {
            "name": "refurbished_furniture:oak_lattice_fence_gate",
            "hide_old_tab": true
        },
        {
            "name": "refurbished_furniture:spruce_lattice_fence",
            "hide_old_tab": true
        },
        {
            "name": "refurbished_furniture:spruce_lattice_fence_gate",
            "hide_old_tab": true
        },
        {
            "name": "refurbished_furniture:warped_lattice_fence",
            "hide_old_tab": true
        },
        {
            "name": "refurbished_furniture:warped_lattice_fence_gate",
            "hide_old_tab": true
        },
        {
            "name": "regions_unexplored:baobab_fence",
            "hide_old_tab": true
        },
        {
            "name": "regions_unexplored:baobab_fence_gate",
            "hide_old_tab": true
        },
        {
            "name": "regions_unexplored:blackwood_fence",
            "hide_old_tab": true
        },
        {
            "name": "regions_unexplored:blackwood_fence_gate",
            "hide_old_tab": true
        },
        {
            "name": "regions_unexplored:blue_bioshroom_fence",
            "hide_old_tab": true
        },
        {
            "name": "regions_unexplored:blue_bioshroom_fence_gate",
            "hide_old_tab": true
        },
        {
            "name": "regions_unexplored:brimwood_fence",
            "hide_old_tab": true
        },
        {
            "name": "regions_unexplored:brimwood_fence_gate",
            "hide_old_tab": true
        },
        {
            "name": "regions_unexplored:cobalt_fence",
            "hide_old_tab": true
        },
        {
            "name": "regions_unexplored:cobalt_fence_gate",
            "hide_old_tab": true
        },
        {
            "name": "regions_unexplored:cypress_fence",
            "hide_old_tab": true
        },
        {
            "name": "regions_unexplored:cypress_fence_gate",
            "hide_old_tab": true
        },
        {
            "name": "regions_unexplored:dead_fence",
            "hide_old_tab": true
        },
        {
            "name": "regions_unexplored:dead_fence_gate",
            "hide_old_tab": true
        },
        {
            "name": "regions_unexplored:eucalyptus_fence",
            "hide_old_tab": true
        },
        {
            "name": "regions_unexplored:eucalyptus_fence_gate",
            "hide_old_tab": true
        },
        {
            "name": "regions_unexplored:green_bioshroom_fence",
            "hide_old_tab": true
        },
        {
            "name": "regions_unexplored:green_bioshroom_fence_gate",
            "hide_old_tab": true
        },
        {
            "name": "regions_unexplored:joshua_fence",
            "hide_old_tab": true
        },
        {
            "name": "regions_unexplored:joshua_fence_gate",
            "hide_old_tab": true
        },
        {
            "name": "regions_unexplored:kapok_fence",
            "hide_old_tab": true
        },
        {
            "name": "regions_unexplored:kapok_fence_gate",
            "hide_old_tab": true
        },
        {
            "name": "regions_unexplored:larch_fence",
            "hide_old_tab": true
        },
        {
            "name": "regions_unexplored:larch_fence_gate",
            "hide_old_tab": true
        },
        {
            "name": "regions_unexplored:magnolia_fence",
            "hide_old_tab": true
        },
        {
            "name": "regions_unexplored:magnolia_fence_gate",
            "hide_old_tab": true
        },
        {
            "name": "regions_unexplored:maple_fence",
            "hide_old_tab": true
        },
        {
            "name": "regions_unexplored:maple_fence_gate",
            "hide_old_tab": true
        },
        {
            "name": "regions_unexplored:mauve_fence",
            "hide_old_tab": true
        },
        {
            "name": "regions_unexplored:mauve_fence_gate",
            "hide_old_tab": true
        },
        {
            "name": "regions_unexplored:palm_fence",
            "hide_old_tab": true
        },
        {
            "name": "regions_unexplored:palm_fence_gate",
            "hide_old_tab": true
        },
        {
            "name": "regions_unexplored:pine_fence",
            "hide_old_tab": true
        },
        {
            "name": "regions_unexplored:pine_fence_gate",
            "hide_old_tab": true
        },
        {
            "name": "regions_unexplored:pink_bioshroom_fence",
            "hide_old_tab": true
        },
        {
            "name": "regions_unexplored:pink_bioshroom_fence_gate",
            "hide_old_tab": true
        },
        {
            "name": "regions_unexplored:redwood_fence",
            "hide_old_tab": true
        },
        {
            "name": "regions_unexplored:redwood_fence_gate",
            "hide_old_tab": true
        },
        {
            "name": "regions_unexplored:socotra_fence",
            "hide_old_tab": true
        },
        {
            "name": "regions_unexplored:socotra_fence_gate",
            "hide_old_tab": true
        },
        {
            "name": "regions_unexplored:willow_fence",
            "hide_old_tab": true
        },
        {
            "name": "regions_unexplored:willow_fence_gate",
            "hide_old_tab": true
        },
        {
            "name": "regions_unexplored:yellow_bioshroom_fence",
            "hide_old_tab": true
        },
        {
            "name": "regions_unexplored:yellow_bioshroom_fence_gate",
            "hide_old_tab": true
        },
        {
            "name": "supplementaries:wicker_fence",
            "hide_old_tab": true
        },
        {
            "name": "valhelsia_structures:lapidified_jungle_fence",
            "hide_old_tab": true
        },
        {
            "name": "valhelsia_structures:lapidified_jungle_fence_gate",
            "hide_old_tab": true
        },
        {
            "name": "vinery:dark_cherry_fence",
            "hide_old_tab": true
        },
        {
            "name": "vinery:dark_cherry_fence_gate",
            "hide_old_tab": true
        },
        {
            "name": "aether:aerogel_wall",
            "hide_old_tab": true
        },
        {
            "name": "aether:angelic_wall",
            "hide_old_tab": true
        },
        {
            "name": "aether:carved_wall",
            "hide_old_tab": true
        },
        {
            "name": "aether:hellfire_wall",
            "hide_old_tab": true
        },
        {
            "name": "aether:holystone_brick_wall",
            "hide_old_tab": true
        },
        {
            "name": "aether:holystone_wall",
            "hide_old_tab": true
        },
        {
            "name": "aether:icestone_wall",
            "hide_old_tab": true
        },
        {
            "name": "aether:mossy_holystone_wall",
            "hide_old_tab": true
        },
        {
            "name": "copycats:copycat_wall",
            "hide_old_tab": true
        },
        {
            "name": "create:cut_andesite_brick_wall",
            "hide_old_tab": true
        },
        {
            "name": "create:cut_andesite_wall",
            "hide_old_tab": true
        },
        {
            "name": "create:cut_asurine_brick_wall",
            "hide_old_tab": true
        },
        {
            "name": "create:cut_asurine_wall",
            "hide_old_tab": true
        },
        {
            "name": "create:cut_calcite_brick_wall",
            "hide_old_tab": true
        },
        {
            "name": "create:cut_calcite_wall",
            "hide_old_tab": true
        },
        {
            "name": "create:cut_crimsite_brick_wall",
            "hide_old_tab": true
        },
        {
            "name": "create:cut_crimsite_wall",
            "hide_old_tab": true
        },
        {
            "name": "create:cut_deepslate_brick_wall",
            "hide_old_tab": true
        },
        {
            "name": "create:cut_deepslate_wall",
            "hide_old_tab": true
        },
        {
            "name": "create:cut_diorite_brick_wall",
            "hide_old_tab": true
        },
        {
            "name": "create:cut_diorite_wall",
            "hide_old_tab": true
        },
        {
            "name": "create:cut_dripstone_brick_wall",
            "hide_old_tab": true
        },
        {
            "name": "create:cut_dripstone_wall",
            "hide_old_tab": true
        },
        {
            "name": "create:cut_granite_brick_wall",
            "hide_old_tab": true
        },
        {
            "name": "create:cut_granite_wall",
            "hide_old_tab": true
        },
        {
            "name": "create:cut_limestone_brick_wall",
            "hide_old_tab": true
        },
        {
            "name": "create:cut_limestone_wall",
            "hide_old_tab": true
        },
        {
            "name": "create:cut_ochrum_brick_wall",
            "hide_old_tab": true
        },
        {
            "name": "create:cut_ochrum_wall",
            "hide_old_tab": true
        },
        {
            "name": "create:cut_scorchia_brick_wall",
            "hide_old_tab": true
        },
        {
            "name": "create:cut_scorchia_wall",
            "hide_old_tab": true
        },
        {
            "name": "create:cut_scoria_brick_wall",
            "hide_old_tab": true
        },
        {
            "name": "create:cut_scoria_wall",
            "hide_old_tab": true
        },
        {
            "name": "create:cut_tuff_brick_wall",
            "hide_old_tab": true
        },
        {
            "name": "create:cut_tuff_wall",
            "hide_old_tab": true
        },
        {
            "name": "create:cut_veridium_brick_wall",
            "hide_old_tab": true
        },
        {
            "name": "create:cut_veridium_wall",
            "hide_old_tab": true
        },
        {
            "name": "create:polished_cut_andesite_wall",
            "hide_old_tab": true
        },
        {
            "name": "create:polished_cut_asurine_wall",
            "hide_old_tab": true
        },
        {
            "name": "create:polished_cut_calcite_wall",
            "hide_old_tab": true
        },
        {
            "name": "create:polished_cut_crimsite_wall",
            "hide_old_tab": true
        },
        {
            "name": "create:polished_cut_deepslate_wall",
            "hide_old_tab": true
        },
        {
            "name": "create:polished_cut_diorite_wall",
            "hide_old_tab": true
        },
        {
            "name": "create:polished_cut_dripstone_wall",
            "hide_old_tab": true
        },
        {
            "name": "create:polished_cut_granite_wall",
            "hide_old_tab": true
        },
        {
            "name": "create:polished_cut_limestone_wall",
            "hide_old_tab": true
        },
        {
            "name": "create:polished_cut_ochrum_wall",
            "hide_old_tab": true
        },
        {
            "name": "create:polished_cut_scorchia_wall",
            "hide_old_tab": true
        },
        {
            "name": "create:polished_cut_scoria_wall",
            "hide_old_tab": true
        },
        {
            "name": "create:polished_cut_tuff_wall",
            "hide_old_tab": true
        },
        {
            "name": "create:polished_cut_veridium_wall",
            "hide_old_tab": true
        },
        {
            "name": "create:small_andesite_brick_wall",
            "hide_old_tab": true
        },
        {
            "name": "create:small_asurine_brick_wall",
            "hide_old_tab": true
        },
        {
            "name": "create:small_calcite_brick_wall",
            "hide_old_tab": true
        },
        {
            "name": "create:small_crimsite_brick_wall",
            "hide_old_tab": true
        },
        {
            "name": "create:small_deepslate_brick_wall",
            "hide_old_tab": true
        },
        {
            "name": "create:small_diorite_brick_wall",
            "hide_old_tab": true
        },
        {
            "name": "create:small_dripstone_brick_wall",
            "hide_old_tab": true
        },
        {
            "name": "create:small_granite_brick_wall",
            "hide_old_tab": true
        },
        {
            "name": "create:small_limestone_brick_wall",
            "hide_old_tab": true
        },
        {
            "name": "create:small_ochrum_brick_wall",
            "hide_old_tab": true
        },
        {
            "name": "create:small_scorchia_brick_wall",
            "hide_old_tab": true
        },
        {
            "name": "create:small_scoria_brick_wall",
            "hide_old_tab": true
        },
        {
            "name": "create:small_tuff_brick_wall",
            "hide_old_tab": true
        },
        {
            "name": "create:small_veridium_brick_wall",
            "hide_old_tab": true
        },
        {
            "name": "createdeco:blue_brick_wall",
            "hide_old_tab": true
        },
        {
            "name": "createdeco:corner_blue_brick_wall",
            "hide_old_tab": true
        },
        {
            "name": "createdeco:corner_dean_brick_wall",
            "hide_old_tab": true
        },
        {
            "name": "createdeco:corner_dusk_brick_wall",
            "hide_old_tab": true
        },
        {
            "name": "createdeco:corner_pearl_brick_wall",
            "hide_old_tab": true
        },
        {
            "name": "createdeco:corner_red_brick_wall",
            "hide_old_tab": true
        },
        {
            "name": "createdeco:corner_scarlet_brick_wall",
            "hide_old_tab": true
        },
        {
            "name": "createdeco:corner_umber_brick_wall",
            "hide_old_tab": true
        },
        {
            "name": "createdeco:corner_verdant_brick_wall",
            "hide_old_tab": true
        },
        {
            "name": "createdeco:cracked_blue_brick_wall",
            "hide_old_tab": true
        },
        {
            "name": "createdeco:cracked_dean_brick_wall",
            "hide_old_tab": true
        },
        {
            "name": "createdeco:cracked_dusk_brick_wall",
            "hide_old_tab": true
        },
        {
            "name": "createdeco:cracked_pearl_brick_wall",
            "hide_old_tab": true
        },
        {
            "name": "createdeco:cracked_red_brick_wall",
            "hide_old_tab": true
        },
        {
            "name": "createdeco:cracked_scarlet_brick_wall",
            "hide_old_tab": true
        },
        {
            "name": "createdeco:cracked_umber_brick_wall",
            "hide_old_tab": true
        },
        {
            "name": "createdeco:cracked_verdant_brick_wall",
            "hide_old_tab": true
        },
        {
            "name": "createdeco:dean_brick_wall",
            "hide_old_tab": true
        },
        {
            "name": "createdeco:dusk_brick_wall",
            "hide_old_tab": true
        },
        {
            "name": "createdeco:long_blue_brick_wall",
            "hide_old_tab": true
        },
        {
            "name": "createdeco:long_dean_brick_wall",
            "hide_old_tab": true
        },
        {
            "name": "createdeco:long_dusk_brick_wall",
            "hide_old_tab": true
        },
        {
            "name": "createdeco:long_pearl_brick_wall",
            "hide_old_tab": true
        },
        {
            "name": "createdeco:long_red_brick_wall",
            "hide_old_tab": true
        },
        {
            "name": "createdeco:long_scarlet_brick_wall",
            "hide_old_tab": true
        },
        {
            "name": "createdeco:long_umber_brick_wall",
            "hide_old_tab": true
        },
        {
            "name": "createdeco:long_verdant_brick_wall",
            "hide_old_tab": true
        },
        {
            "name": "createdeco:mossy_blue_brick_wall",
            "hide_old_tab": true
        },
        {
            "name": "createdeco:mossy_dean_brick_wall",
            "hide_old_tab": true
        },
        {
            "name": "createdeco:mossy_dusk_brick_wall",
            "hide_old_tab": true
        },
        {
            "name": "createdeco:mossy_pearl_brick_wall",
            "hide_old_tab": true
        },
        {
            "name": "createdeco:mossy_red_brick_wall",
            "hide_old_tab": true
        },
        {
            "name": "createdeco:mossy_scarlet_brick_wall",
            "hide_old_tab": true
        },
        {
            "name": "createdeco:mossy_umber_brick_wall",
            "hide_old_tab": true
        },
        {
            "name": "createdeco:mossy_verdant_brick_wall",
            "hide_old_tab": true
        },
        {
            "name": "createdeco:pearl_brick_wall",
            "hide_old_tab": true
        },
        {
            "name": "createdeco:scarlet_brick_wall",
            "hide_old_tab": true
        },
        {
            "name": "createdeco:short_blue_brick_wall",
            "hide_old_tab": true
        },
        {
            "name": "createdeco:short_dean_brick_wall",
            "hide_old_tab": true
        },
        {
            "name": "createdeco:short_dusk_brick_wall",
            "hide_old_tab": true
        },
        {
            "name": "createdeco:short_pearl_brick_wall",
            "hide_old_tab": true
        },
        {
            "name": "createdeco:short_red_brick_wall",
            "hide_old_tab": true
        },
        {
            "name": "createdeco:short_scarlet_brick_wall",
            "hide_old_tab": true
        },
        {
            "name": "createdeco:short_umber_brick_wall",
            "hide_old_tab": true
        },
        {
            "name": "createdeco:short_verdant_brick_wall",
            "hide_old_tab": true
        },
        {
            "name": "createdeco:tiled_blue_brick_wall",
            "hide_old_tab": true
        },
        {
            "name": "createdeco:tiled_dean_brick_wall",
            "hide_old_tab": true
        },
        {
            "name": "createdeco:tiled_dusk_brick_wall",
            "hide_old_tab": true
        },
        {
            "name": "createdeco:tiled_pearl_brick_wall",
            "hide_old_tab": true
        },
        {
            "name": "createdeco:tiled_red_brick_wall",
            "hide_old_tab": true
        },
        {
            "name": "createdeco:tiled_scarlet_brick_wall",
            "hide_old_tab": true
        },
        {
            "name": "createdeco:tiled_umber_brick_wall",
            "hide_old_tab": true
        },
        {
            "name": "createdeco:tiled_verdant_brick_wall",
            "hide_old_tab": true
        },
        {
            "name": "createdeco:umber_brick_wall",
            "hide_old_tab": true
        },
        {
            "name": "createdeco:verdant_brick_wall",
            "hide_old_tab": true
        },
        {
            "name": "dawnoftimebuilder:acacia_wall",
            "hide_old_tab": true
        },
        {
            "name": "dawnoftimebuilder:bamboo_wall",
            "hide_old_tab": true
        },
        {
            "name": "dawnoftimebuilder:birch_wall",
            "hide_old_tab": true
        },
        {
            "name": "dawnoftimebuilder:charred_spruce_wall",
            "hide_old_tab": true
        },
        {
            "name": "dawnoftimebuilder:cherry_wall",
            "hide_old_tab": true
        },
        {
            "name": "dawnoftimebuilder:covered_sandstone_wall",
            "hide_old_tab": true
        },
        {
            "name": "dawnoftimebuilder:crimson_wall",
            "hide_old_tab": true
        },
        {
            "name": "dawnoftimebuilder:dark_oak_wall",
            "hide_old_tab": true
        },
        {
            "name": "dawnoftimebuilder:flat_roof_tiles_wall",
            "hide_old_tab": true
        },
        {
            "name": "dawnoftimebuilder:gold_plated_smooth_wall",
            "hide_old_tab": true
        },
        {
            "name": "dawnoftimebuilder:gray_roof_tiles_wall",
            "hide_old_tab": true
        },
        {
            "name": "dawnoftimebuilder:jungle_wall",
            "hide_old_tab": true
        },
        {
            "name": "dawnoftimebuilder:limestone_bricks_wall",
            "hide_old_tab": true
        },
        {
            "name": "dawnoftimebuilder:mangrove_wall",
            "hide_old_tab": true
        },
        {
            "name": "dawnoftimebuilder:oak_wall",
            "hide_old_tab": true
        },
        {
            "name": "dawnoftimebuilder:ochre_roof_tiles_wall",
            "hide_old_tab": true
        },
        {
            "name": "dawnoftimebuilder:paper_wall",
            "hide_old_tab": true
        },
        {
            "name": "dawnoftimebuilder:roofing_slates_wall",
            "hide_old_tab": true
        },
        {
            "name": "dawnoftimebuilder:sandstone_bricks_turquoise_pattern_wall",
            "hide_old_tab": true
        },
        {
            "name": "dawnoftimebuilder:sandstone_bricks_wall",
            "hide_old_tab": true
        },
        {
            "name": "dawnoftimebuilder:spruce_wall",
            "hide_old_tab": true
        },
        {
            "name": "dawnoftimebuilder:stone_bricks_masonry_wall",
            "hide_old_tab": true
        },
        {
            "name": "dawnoftimebuilder:terracotta_wall",
            "hide_old_tab": true
        },
        {
            "name": "dawnoftimebuilder:warped_wall",
            "hide_old_tab": true
        },
        {
            "name": "dawnoftimebuilder:waxed_oak_wall",
            "hide_old_tab": true
        },
        {
            "name": "framedblocks:framed_wall",
            "hide_old_tab": true
        },
        {
            "name": "minecraft:andesite_wall",
            "hide_old_tab": true
        },
        {
            "name": "minecraft:blackstone_wall",
            "hide_old_tab": true
        },
        {
            "name": "minecraft:brick_wall",
            "hide_old_tab": true
        },
        {
            "name": "minecraft:cobbled_deepslate_wall",
            "hide_old_tab": true
        },
        {
            "name": "minecraft:deepslate_brick_wall",
            "hide_old_tab": true
        },
        {
            "name": "minecraft:deepslate_tile_wall",
            "hide_old_tab": true
        },
        {
            "name": "minecraft:diorite_wall",
            "hide_old_tab": true
        },
        {
            "name": "minecraft:granite_wall",
            "hide_old_tab": true
        },
        {
            "name": "minecraft:mossy_stone_brick_wall",
            "hide_old_tab": true
        },
        {
            "name": "minecraft:mud_brick_wall",
            "hide_old_tab": true
        },
        {
            "name": "minecraft:nether_brick_wall",
            "hide_old_tab": true
        },
        {
            "name": "minecraft:polished_blackstone_brick_wall",
            "hide_old_tab": true
        },
        {
            "name": "minecraft:polished_blackstone_wall",
            "hide_old_tab": true
        },
        {
            "name": "minecraft:polished_deepslate_wall",
            "hide_old_tab": true
        },
        {
            "name": "minecraft:prismarine_wall",
            "hide_old_tab": true
        },
        {
            "name": "minecraft:red_nether_brick_wall",
            "hide_old_tab": true
        },
        {
            "name": "minecraft:red_sandstone_wall",
            "hide_old_tab": true
        },
        {
            "name": "minecraft:sandstone_wall",
            "hide_old_tab": true
        },
        {
            "name": "minecraft:stone_brick_wall",
            "hide_old_tab": true
        },
        {
            "name": "naturalist:cut_shellstone_wall",
            "hide_old_tab": true
        },
        {
            "name": "naturalist:shellstone_brick_wall",
            "hide_old_tab": true
        },
        {
            "name": "naturalist:shellstone_wall",
            "hide_old_tab": true
        },
        {
            "name": "naturalist:smooth_shellstone_wall",
            "hide_old_tab": true
        },
        {
            "name": "projectred_exploration:basalt_brick_wall",
            "hide_old_tab": true
        },
        {
            "name": "projectred_exploration:basalt_cobble_wall",
            "hide_old_tab": true
        },
        {
            "name": "projectred_exploration:basalt_wall",
            "hide_old_tab": true
        },
        {
            "name": "projectred_exploration:electrotine_block_wall",
            "hide_old_tab": true
        },
        {
            "name": "projectred_exploration:marble_brick_wall",
            "hide_old_tab": true
        },
        {
            "name": "projectred_exploration:marble_wall",
            "hide_old_tab": true
        },
        {
            "name": "projectred_exploration:peridot_block_wall",
            "hide_old_tab": true
        },
        {
            "name": "projectred_exploration:ruby_block_wall",
            "hide_old_tab": true
        },
        {
            "name": "projectred_exploration:sapphire_block_wall",
            "hide_old_tab": true
        },
        {
            "name": "supplementaries:ash_bricks_wall",
            "hide_old_tab": true
        },
        {
            "name": "supplementaries:blackstone_tile_wall",
            "hide_old_tab": true
        },
        {
            "name": "supplementaries:lapis_bricks_wall",
            "hide_old_tab": true
        },
        {
            "name": "supplementaries:stone_tile_wall",
            "hide_old_tab": true
        },
        {
            "name": "valhelsia_structures:paper_wall",
            "hide_old_tab": true
        }
    ]
}