{
    "tab_enabled": true,
    "tab_name": "lighting",
    "tab_stack": { "name": "minecraft:lantern" },
    "tab_items": [
        {
            "name": "minecraft:torch",
            "hide_old_tab": true
        },
        {
            "name": "aether:ambrosium_torch",
            "hide_old_tab": true
        },
        {
            "name": "chipped:acacia_torch",
            "hide_old_tab": true
        },
        {
            "name": "chipped:birch_torch",
            "hide_old_tab": true
        },
        {
            "name": "chipped:blue_redstone_torch",
            "hide_old_tab": true
        },
        {
            "name": "chipped:crimson_redstone_torch",
            "hide_old_tab": true
        },
        {
            "name": "chipped:crimson_torch",
            "hide_old_tab": true
        },
        {
            "name": "chipped:dark_oak_torch",
            "hide_old_tab": true
        },
        {
            "name": "chipped:glow_torch",
            "hide_old_tab": true
        },
        {
            "name": "chipped:green_redstone_torch",
            "hide_old_tab": true
        },
        {
            "name": "chipped:iron_torch",
            "hide_old_tab": true
        },
        {
            "name": "chipped:jungle_torch",
            "hide_old_tab": true
        },
        {
            "name": "chipped:lightstick_redstone_torch",
            "hide_old_tab": true
        },
        {
            "name": "chipped:spruce_torch",
            "hide_old_tab": true
        },
        {
            "name": "chipped:warped_torch",
            "hide_old_tab": true
        },
        {
            "name": "chipped:yellow_redstone_torch",
            "hide_old_tab": true
        },
        {
            "name": "decocraft:bamboo_torch",
            "hide_old_tab": true
        },
        {
            "name": "decocraft:bamboo_torch",
            "hide_old_tab": true
        },
        {
            "name": "minecraft:redstone_torch",
            "hide_old_tab": true
        },
        {
            "name": "minecraft:soul_torch",
            "hide_old_tab": true
        },
        {
            "name": "valhelsia_structures:doused_soul_torch",
            "hide_old_tab": true
        },
        {
            "name": "valhelsia_structures:doused_torch",
            "hide_old_tab": true
        },
        {
            "name": "framedblocks:framed_redstone_torch",
            "hide_old_tab": true
        },
        {
            "name": "framedblocks:framed_soul_torch",
            "hide_old_tab": true
        },
        {
            "name": "framedblocks:framed_torch",
            "hide_old_tab": true
        },
        {
            "name": "minecraft:black_candle",
            "hide_old_tab": true
        },
        {
            "name": "minecraft:blue_candle",
            "hide_old_tab": true
        },
        {
            "name": "minecraft:brown_candle",
            "hide_old_tab": true
        },
        {
            "name": "minecraft:cyan_candle",
            "hide_old_tab": true
        },
        {
            "name": "minecraft:gray_candle",
            "hide_old_tab": true
        },
        {
            "name": "minecraft:green_candle",
            "hide_old_tab": true
        },
        {
            "name": "minecraft:light_blue_candle",
            "hide_old_tab": true
        },
        {
            "name": "minecraft:light_gray_candle",
            "hide_old_tab": true
        },
        {
            "name": "minecraft:lime_candle",
            "hide_old_tab": true
        },
        {
            "name": "minecraft:magenta_candle",
            "hide_old_tab": true
        },
        {
            "name": "minecraft:orange_candle",
            "hide_old_tab": true
        },
        {
            "name": "minecraft:pink_candle",
            "hide_old_tab": true
        },
        {
            "name": "minecraft:purple_candle",
            "hide_old_tab": true
        },
        {
            "name": "minecraft:red_candle",
            "hide_old_tab": true
        },
        {
            "name": "minecraft:white_candle",
            "hide_old_tab": true
        },
        {
            "name": "minecraft:yellow_candle",
            "hide_old_tab": true
        },
        {
            "name": "illagerinvasion:lost_candle",
            "hide_old_tab": true
        },
        {
            "name": "supplementaries:candle_holder",
            "hide_old_tab": true
        },
        {
            "name": "supplementaries:candle_holder_black",
            "hide_old_tab": true
        },
        {
            "name": "supplementaries:candle_holder_blue",
            "hide_old_tab": true
        },
        {
            "name": "supplementaries:candle_holder_brown",
            "hide_old_tab": true
        },
        {
            "name": "supplementaries:candle_holder_cyan",
            "hide_old_tab": true
        },
        {
            "name": "supplementaries:candle_holder_gray",
            "hide_old_tab": true
        },
        {
            "name": "supplementaries:candle_holder_green",
            "hide_old_tab": true
        },
        {
            "name": "supplementaries:candle_holder_light_blue",
            "hide_old_tab": true
        },
        {
            "name": "supplementaries:candle_holder_light_gray",
            "hide_old_tab": true
        },
        {
            "name": "supplementaries:candle_holder_lime",
            "hide_old_tab": true
        },
        {
            "name": "supplementaries:candle_holder_magenta",
            "hide_old_tab": true
        },
        {
            "name": "supplementaries:candle_holder_orange",
            "hide_old_tab": true
        },
        {
            "name": "supplementaries:candle_holder_pink",
            "hide_old_tab": true
        },
        {
            "name": "supplementaries:candle_holder_purple",
            "hide_old_tab": true
        },
        {
            "name": "supplementaries:candle_holder_red",
            "hide_old_tab": true
        },
        {
            "name": "supplementaries:candle_holder_white",
            "hide_old_tab": true
        },
        {
            "name": "supplementaries:candle_holder_yellow",
            "hide_old_tab": true
        },
        {
            "name": "decocraft:candle_holder_1_black_flipbook.00",
            "hide_old_tab": true
        },
        {
            "name": "decocraft:candle_holder_1_gold_flipbook.00",
            "hide_old_tab": true
        },
        {
            "name": "decocraft:candle_holder_1_silver_flipbook.00",
            "hide_old_tab": true
        },
        {
            "name": "decocraft:candle_holder_2_black_flipbook.00",
            "hide_old_tab": true
        },
        {
            "name": "decocraft:candle_holder_2_gold_flipbook.00",
            "hide_old_tab": true
        },
        {
            "name": "decocraft:candle_holder_2_silver_flipbook.00",
            "hide_old_tab": true
        },
        {
            "name": "decocraft:candle_holder_3_black_flipbook.00",
            "hide_old_tab": true
        },
        {
            "name": "decocraft:candle_holder_3_gold_flipbook.00",
            "hide_old_tab": true
        },
        {
            "name": "decocraft:candle_holder_3_silver_flipbook.00",
            "hide_old_tab": true
        },
        {
            "name": "decocraft:candle_holder_4_black_flipbook.00",
            "hide_old_tab": true
        },
        {
            "name": "decocraft:candle_holder_4_gold_flipbook.00",
            "hide_old_tab": true
        },
        {
            "name": "decocraft:candle_holder_4_silver_flipbook.00",
            "hide_old_tab": true
        },
        {
            "name": "decocraft:candle_holder_5_black_flipbook.00",
            "hide_old_tab": true
        },
        {
            "name": "decocraft:candle_holder_5_gold_flipbook.00",
            "hide_old_tab": true
        },
        {
            "name": "decocraft:candle_holder_5_silver_flipbook.00",
            "hide_old_tab": true
        },
        {
            "name": "decocraft:candle_holder_6_black_flipbook.00",
            "hide_old_tab": true
        },
        {
            "name": "decocraft:candle_holder_6_gold_flipbook.00",
            "hide_old_tab": true
        },
        {
            "name": "decocraft:candle_holder_6_silver_flipbook.00",
            "hide_old_tab": true
        },
        {
            "name": "decocraft:candle_holder_7_black_flipbook.00",
            "hide_old_tab": true
        },
        {
            "name": "decocraft:candle_holder_7_gold_flipbook.00",
            "hide_old_tab": true
        },
        {
            "name": "decocraft:candle_holder_7_silver_flipbook.00",
            "hide_old_tab": true
        },
        {
            "name": "decocraft:candle_holder_wall_1_black_flipbook.00",
            "hide_old_tab": true
        },
        {
            "name": "decocraft:candle_holder_wall_1_gold_flipbook.00",
            "hide_old_tab": true
        },
        {
            "name": "decocraft:candle_holder_wall_1_silver_flipbook.00",
            "hide_old_tab": true
        },
        {
            "name": "decocraft:candle_holder_wall_2_black_flipbook.00",
            "hide_old_tab": true
        },
        {
            "name": "decocraft:candle_holder_wall_2_gold_flipbook.00",
            "hide_old_tab": true
        },
        {
            "name": "decocraft:candle_holder_wall_2_silver_flipbook.00",
            "hide_old_tab": true
        },
        {
            "name": "decocraft:candle_holder_wall_3_black_flipbook.00",
            "hide_old_tab": true
        },
        {
            "name": "decocraft:candle_holder_wall_3_gold_flipbook.00",
            "hide_old_tab": true
        },
        {
            "name": "decocraft:candle_holder_wall_3_silver_flipbook.00",
            "hide_old_tab": true
        },
        {
            "name": "chipped:ad_astra_ochre_froglight",
            "hide_old_tab": true
        },
        {
            "name": "chipped:ad_astra_pearlescent_froglight",
            "hide_old_tab": true
        },
        {
            "name": "chipped:ad_astra_verdant_froglight",
            "hide_old_tab": true
        },
        {
            "name": "chipped:ancient_ochre_froglight",
            "hide_old_tab": true
        },
        {
            "name": "chipped:ancient_pearlescent_froglight",
            "hide_old_tab": true
        },
        {
            "name": "chipped:ancient_verdant_froglight",
            "hide_old_tab": true
        },
        {
            "name": "chipped:anguished_jack_o_lantern",
            "hide_old_tab": true
        },
        {
            "name": "chipped:bad_time_jack_o_lantern",
            "hide_old_tab": true
        },
        {
            "name": "chipped:barred_ochre_froglight",
            "hide_old_tab": true
        },
        {
            "name": "chipped:barred_pearlescent_froglight",
            "hide_old_tab": true
        },
        {
            "name": "chipped:barred_verdant_froglight",
            "hide_old_tab": true
        },
        {
            "name": "chipped:big_lantern",
            "hide_old_tab": true
        },
        {
            "name": "chipped:big_soul_lantern",
            "hide_old_tab": true
        },
        {
            "name": "chipped:blue_paper_lantern",
            "hide_old_tab": true
        },
        {
            "name": "chipped:blue_paper_soul_lantern",
            "hide_old_tab": true
        },
        {
            "name": "chipped:blue_tube_soul_lantern",
            "hide_old_tab": true
        },
        {
            "name": "chipped:boo_jack_o_lantern",
            "hide_old_tab": true
        },
        {
            "name": "chipped:broken_sea_lantern",
            "hide_old_tab": true
        },
        {
            "name": "chipped:bulbed_sea_lantern",
            "hide_old_tab": true
        },
        {
            "name": "chipped:burning_coal_lantern",
            "hide_old_tab": true
        },
        {
            "name": "chipped:checkered_iron_lantern",
            "hide_old_tab": true
        },
        {
            "name": "chipped:checkered_iron_soul_lantern",
            "hide_old_tab": true
        },
        {
            "name": "chipped:cracked_sea_lantern",
            "hide_old_tab": true
        },
        {
            "name": "chipped:creepy_jack_o_lantern",
            "hide_old_tab": true
        },
        {
            "name": "chipped:dark_blue_paper_lantern",
            "hide_old_tab": true
        },
        {
            "name": "chipped:devious_jack_o_lantern",
            "hide_old_tab": true
        },
        {
            "name": "chipped:donut_lantern",
            "hide_old_tab": true
        },
        {
            "name": "chipped:donut_soul_lantern",
            "hide_old_tab": true
        },
        {
            "name": "chipped:double_inlayed_sea_lantern",
            "hide_old_tab": true
        },
        {
            "name": "chipped:edged_glowstone_lantern",
            "hide_old_tab": true
        },
        {
            "name": "chipped:edged_redstone_lamp",
            "hide_old_tab": true
        },
        {
            "name": "chipped:edged_shroomlight_lantern",
            "hide_old_tab": true
        },
        {
            "name": "chipped:edged_white_redstone_lamp",
            "hide_old_tab": true
        },
        {
            "name": "chipped:elemental_ochre_froglight",
            "hide_old_tab": true
        },
        {
            "name": "chipped:elemental_pearlescent_froglight",
            "hide_old_tab": true
        },
        {
            "name": "chipped:elemental_verdant_froglight",
            "hide_old_tab": true
        },
        {
            "name": "chipped:end_jack_o_lantern",
            "hide_old_tab": true
        },
        {
            "name": "chipped:end_purple_jack_o_lantern",
            "hide_old_tab": true
        },
        {
            "name": "chipped:ender_lantern",
            "hide_old_tab": true
        },
        {
            "name": "chipped:exposed_ochre_froglight",
            "hide_old_tab": true
        },
        {
            "name": "chipped:exposed_pearlescent_froglight",
            "hide_old_tab": true
        },
        {
            "name": "chipped:exposed_verdant_froglight",
            "hide_old_tab": true
        },
        {
            "name": "chipped:fancy_glowstone_lantern",
            "hide_old_tab": true
        },
        {
            "name": "chipped:fancy_redstone_lamp",
            "hide_old_tab": true
        },
        {
            "name": "chipped:fancy_sea_lantern",
            "hide_old_tab": true
        },
        {
            "name": "chipped:fancy_shroomlight_lantern",
            "hide_old_tab": true
        },
        {
            "name": "chipped:fancy_white_redstone_lamp",
            "hide_old_tab": true
        },
        {
            "name": "chipped:framed_glowstone_lantern",
            "hide_old_tab": true
        },
        {
            "name": "chipped:framed_sea_lantern",
            "hide_old_tab": true
        },
        {
            "name": "chipped:framed_shroomlight_lantern",
            "hide_old_tab": true
        },
        {
            "name": "chipped:glass_ochre_froglight",
            "hide_old_tab": true
        },
        {
            "name": "chipped:glass_pearlescent_froglight",
            "hide_old_tab": true
        },
        {
            "name": "chipped:glass_verdant_froglight",
            "hide_old_tab": true
        },
        {
            "name": "chipped:glowstone_lantern",
            "hide_old_tab": true
        },
        {
            "name": "chipped:golden_paper_soul_lantern",
            "hide_old_tab": true
        },
        {
            "name": "chipped:gray_paper_soul_lantern",
            "hide_old_tab": true
        },
        {
            "name": "chipped:green_paper_lantern",
            "hide_old_tab": true
        },
        {
            "name": "chipped:hived_redstone_lamp",
            "hide_old_tab": true
        },
        {
            "name": "chipped:hived_sea_lantern",
            "hide_old_tab": true
        },
        {
            "name": "chipped:hived_white_redstone_lamp",
            "hide_old_tab": true
        },
        {
            "name": "chipped:horrified_jack_o_lantern",
            "hide_old_tab": true
        },
        {
            "name": "chipped:inlayed_redstone_lamp",
            "hide_old_tab": true
        },
        {
            "name": "chipped:inlayed_sea_lantern",
            "hide_old_tab": true
        },
        {
            "name": "chipped:inlayed_white_redstone_lamp",
            "hide_old_tab": true
        },
        {
            "name": "chipped:iron_bowl_lantern",
            "hide_old_tab": true
        },
        {
            "name": "chipped:iron_bowl_soul_lantern",
            "hide_old_tab": true
        },
        {
            "name": "chipped:kitty_faced_jack_o_lantern",
            "hide_old_tab": true
        },
        {
            "name": "chipped:lime_paper_soul_lantern",
            "hide_old_tab": true
        },
        {
            "name": "chipped:nether_jack_o_lantern",
            "hide_old_tab": true
        },
        {
            "name": "chipped:nice_redstone_lamp",
            "hide_old_tab": true
        },
        {
            "name": "chipped:nice_white_redstone_lamp",
            "hide_old_tab": true
        },
        {
            "name": "chipped:orange_paper_soul_lantern",
            "hide_old_tab": true
        },
        {
            "name": "chipped:ornate_glowstone_lantern",
            "hide_old_tab": true
        },
        {
            "name": "chipped:ornate_redstone_lamp",
            "hide_old_tab": true
        },
        {
            "name": "chipped:ornate_sea_lantern",
            "hide_old_tab": true
        },
        {
            "name": "chipped:ornate_shroomlight_lantern",
            "hide_old_tab": true
        },
        {
            "name": "chipped:ornate_white_redstone_lamp",
            "hide_old_tab": true
        },
        {
            "name": "chipped:overjoyed_jack_o_lantern",
            "hide_old_tab": true
        },
        {
            "name": "chipped:owo_jack_o_lantern",
            "hide_old_tab": true
        },
        {
            "name": "chipped:polished_sea_lantern",
            "hide_old_tab": true
        },
        {
            "name": "chipped:purple_paper_lantern",
            "hide_old_tab": true
        },
        {
            "name": "chipped:red_paper_lantern",
            "hide_old_tab": true
        },
        {
            "name": "chipped:reinforced_ochre_froglight",
            "hide_old_tab": true
        },
        {
            "name": "chipped:reinforced_pearlescent_froglight",
            "hide_old_tab": true
        },
        {
            "name": "chipped:reinforced_redstone_lamp",
            "hide_old_tab": true
        },
        {
            "name": "chipped:reinforced_sea_lantern",
            "hide_old_tab": true
        },
        {
            "name": "chipped:reinforced_verdant_froglight",
            "hide_old_tab": true
        },
        {
            "name": "chipped:reinforced_white_redstone_lamp",
            "hide_old_tab": true
        },
        {
            "name": "chipped:round_ochre_froglight",
            "hide_old_tab": true
        },
        {
            "name": "chipped:round_pearlescent_froglight",
            "hide_old_tab": true
        },
        {
            "name": "chipped:round_verdant_froglight",
            "hide_old_tab": true
        },
        {
            "name": "chipped:sea_lantern",
            "hide_old_tab": true
        },
        {
            "name": "chipped:shimmering_sea_lantern",
            "hide_old_tab": true
        },
        {
            "name": "chipped:shroomlight_lantern",
            "hide_old_tab": true
        },
        {
            "name": "chipped:silly_jack_o_lantern",
            "hide_old_tab": true
        },
        {
            "name": "chipped:slight_smile_jack_o_lantern",
            "hide_old_tab": true
        },
        {
            "name": "chipped:small_green_lantern",
            "hide_old_tab": true
        },
        {
            "name": "chipped:small_red_soul_lantern",
            "hide_old_tab": true
        },
        {
            "name": "chipped:smiling_jack_o_lantern",
            "hide_old_tab": true
        },
        {
            "name": "chipped:smooth_redstone_lamp",
            "hide_old_tab": true
        },
        {
            "name": "chipped:smooth_sea_lantern",
            "hide_old_tab": true
        },
        {
            "name": "chipped:smooth_white_redstone_lamp",
            "hide_old_tab": true
        },
        {
            "name": "chipped:special_sea_lantern",
            "hide_old_tab": true
        },
        {
            "name": "chipped:spooky_jack_o_lantern",
            "hide_old_tab": true
        },
        {
            "name": "chipped:squished_cute_jack_o_lantern",
            "hide_old_tab": true
        },
        {
            "name": "chipped:suspicious_jack_o_lantern",
            "hide_old_tab": true
        },
        {
            "name": "chipped:tall_lantern",
            "hide_old_tab": true
        },
        {
            "name": "chipped:tall_soul_lantern",
            "hide_old_tab": true
        },
        {
            "name": "chipped:thick_inlayed_redstone_lamp",
            "hide_old_tab": true
        },
        {
            "name": "chipped:thick_inlayed_sea_lantern",
            "hide_old_tab": true
        },
        {
            "name": "chipped:thick_white_inlayed_redstone_lamp",
            "hide_old_tab": true
        },
        {
            "name": "chipped:tiled_sea_lantern",
            "hide_old_tab": true
        },
        {
            "name": "chipped:tiny_smug_jack_o_lantern",
            "hide_old_tab": true
        },
        {
            "name": "chipped:traditional_jack_o_lantern",
            "hide_old_tab": true
        },
        {
            "name": "chipped:upside_down_jack_o_lantern",
            "hide_old_tab": true
        },
        {
            "name": "chipped:white_paper_lantern",
            "hide_old_tab": true
        },
        {
            "name": "chipped:wide_eyed_jack_o_lantern",
            "hide_old_tab": true
        },
        {
            "name": "chipped:wide_lantern",
            "hide_old_tab": true
        },
        {
            "name": "chipped:wide_soul_lantern",
            "hide_old_tab": true
        },
        {
            "name": "chipped:wooden_cage_lantern",
            "hide_old_tab": true
        },
        {
            "name": "chipped:wooden_cage_soul_lantern",
            "hide_old_tab": true
        },
        {
            "name": "chipped:wrought_iron_lantern",
            "hide_old_tab": true
        },
        {
            "name": "chipped:yellow_paper_soul_lantern",
            "hide_old_tab": true
        },
        {
            "name": "chipped:yellow_tube_lantern",
            "hide_old_tab": true
        },
        {
            "name": "create:rose_quartz_lamp",
            "hide_old_tab": true
        },
        {
            "name": "createdeco:blue_andesite_lamp",
            "hide_old_tab": true
        },
        {
            "name": "createdeco:blue_brass_lamp",
            "hide_old_tab": true
        },
        {
            "name": "createdeco:blue_copper_lamp",
            "hide_old_tab": true
        },
        {
            "name": "createdeco:blue_industrial_iron_lamp",
            "hide_old_tab": true
        },
        {
            "name": "createdeco:blue_iron_lamp",
            "hide_old_tab": true
        },
        {
            "name": "createdeco:blue_zinc_lamp",
            "hide_old_tab": true
        },
        {
            "name": "createdeco:green_andesite_lamp",
            "hide_old_tab": true
        },
        {
            "name": "createdeco:green_brass_lamp",
            "hide_old_tab": true
        },
        {
            "name": "createdeco:green_copper_lamp",
            "hide_old_tab": true
        },
        {
            "name": "createdeco:green_industrial_iron_lamp",
            "hide_old_tab": true
        },
        {
            "name": "createdeco:green_iron_lamp",
            "hide_old_tab": true
        },
        {
            "name": "createdeco:green_zinc_lamp",
            "hide_old_tab": true
        },
        {
            "name": "createdeco:red_andesite_lamp",
            "hide_old_tab": true
        },
        {
            "name": "createdeco:red_brass_lamp",
            "hide_old_tab": true
        },
        {
            "name": "createdeco:red_copper_lamp",
            "hide_old_tab": true
        },
        {
            "name": "createdeco:red_industrial_iron_lamp",
            "hide_old_tab": true
        },
        {
            "name": "createdeco:red_iron_lamp",
            "hide_old_tab": true
        },
        {
            "name": "createdeco:red_zinc_lamp",
            "hide_old_tab": true
        },
        {
            "name": "createdeco:yellow_andesite_lamp",
            "hide_old_tab": true
        },
        {
            "name": "createdeco:yellow_brass_lamp",
            "hide_old_tab": true
        },
        {
            "name": "createdeco:yellow_copper_lamp",
            "hide_old_tab": true
        },
        {
            "name": "createdeco:yellow_industrial_iron_lamp",
            "hide_old_tab": true
        },
        {
            "name": "createdeco:yellow_iron_lamp",
            "hide_old_tab": true
        },
        {
            "name": "createdeco:yellow_zinc_lamp",
            "hide_old_tab": true
        },
        {
            "name": "createframed:framed_radon_lamp_black",
            "hide_old_tab": true
        },
        {
            "name": "createframed:framed_radon_lamp_blue",
            "hide_old_tab": true
        },
        {
            "name": "createframed:framed_radon_lamp_brown",
            "hide_old_tab": true
        },
        {
            "name": "createframed:framed_radon_lamp_cyan",
            "hide_old_tab": true
        },
        {
            "name": "createframed:framed_radon_lamp_gray",
            "hide_old_tab": true
        },
        {
            "name": "createframed:framed_radon_lamp_green",
            "hide_old_tab": true
        },
        {
            "name": "createframed:framed_radon_lamp_light_blue",
            "hide_old_tab": true
        },
        {
            "name": "createframed:framed_radon_lamp_light_gray",
            "hide_old_tab": true
        },
        {
            "name": "createframed:framed_radon_lamp_lime",
            "hide_old_tab": true
        },
        {
            "name": "createframed:framed_radon_lamp_magenta",
            "hide_old_tab": true
        },
        {
            "name": "createframed:framed_radon_lamp_orange",
            "hide_old_tab": true
        },
        {
            "name": "createframed:framed_radon_lamp_pink",
            "hide_old_tab": true
        },
        {
            "name": "createframed:framed_radon_lamp_purple",
            "hide_old_tab": true
        },
        {
            "name": "createframed:framed_radon_lamp_red",
            "hide_old_tab": true
        },
        {
            "name": "createframed:framed_radon_lamp_white",
            "hide_old_tab": true
        },
        {
            "name": "createframed:framed_radon_lamp_yellow",
            "hide_old_tab": true
        },
        {
            "name": "dawnoftimebuilder:iron_fancy_lantern",
            "hide_old_tab": true
        },
        {
            "name": "dawnoftimebuilder:paper_lamp",
            "hide_old_tab": true
        },
        {
            "name": "dawnoftimebuilder:red_paper_lantern",
            "hide_old_tab": true
        },
        {
            "name": "dawnoftimebuilder:stone_lantern",
            "hide_old_tab": true
        },
        {
            "name": "decocraft:big_jack_o_lantern",
            "hide_old_tab": true
        },
        {
            "name": "decocraft:big_jack_o_lantern",
            "hide_old_tab": true
        },
        {
            "name": "decocraft:curved_floor_lamp_black",
            "hide_old_tab": true
        },
        {
            "name": "decocraft:curved_floor_lamp_gold",
            "hide_old_tab": true
        },
        {
            "name": "decocraft:curved_floor_lamp_rose_gold",
            "hide_old_tab": true
        },
        {
            "name": "decocraft:curved_floor_lamp_silver",
            "hide_old_tab": true
        },
        {
            "name": "decocraft:floor_lamp_black",
            "hide_old_tab": true
        },
        {
            "name": "decocraft:floor_lamp_gold",
            "hide_old_tab": true
        },
        {
            "name": "decocraft:floor_lamp_rose_gold",
            "hide_old_tab": true
        },
        {
            "name": "decocraft:floor_lamp_silver",
            "hide_old_tab": true
        },
        {
            "name": "decocraft:hanging_lamp_1_black",
            "hide_old_tab": true
        },
        {
            "name": "decocraft:hanging_lamp_1_gold",
            "hide_old_tab": true
        },
        {
            "name": "decocraft:hanging_lamp_1_rose_gold",
            "hide_old_tab": true
        },
        {
            "name": "decocraft:hanging_lamp_1_silver",
            "hide_old_tab": true
        },
        {
            "name": "decocraft:hanging_lamp_2_black",
            "hide_old_tab": true
        },
        {
            "name": "decocraft:hanging_lamp_2_gold",
            "hide_old_tab": true
        },
        {
            "name": "decocraft:hanging_lamp_2_rose_gold",
            "hide_old_tab": true
        },
        {
            "name": "decocraft:hanging_lamp_2_silver",
            "hide_old_tab": true
        },
        {
            "name": "decocraft:hanging_lamp_3_black",
            "hide_old_tab": true
        },
        {
            "name": "decocraft:hanging_lamp_3_gold",
            "hide_old_tab": true
        },
        {
            "name": "decocraft:hanging_lamp_3_rose_gold",
            "hide_old_tab": true
        },
        {
            "name": "decocraft:hanging_lamp_3_silver",
            "hide_old_tab": true
        },
        {
            "name": "decocraft:lava_lamp_blue",
            "hide_old_tab": true
        },
        {
            "name": "decocraft:lava_lamp_cyan",
            "hide_old_tab": true
        },
        {
            "name": "decocraft:lava_lamp_green",
            "hide_old_tab": true
        },
        {
            "name": "decocraft:lava_lamp_light_blue",
            "hide_old_tab": true
        },
        {
            "name": "decocraft:lava_lamp_light_pink",
            "hide_old_tab": true
        },
        {
            "name": "decocraft:lava_lamp_lime",
            "hide_old_tab": true
        },
        {
            "name": "decocraft:lava_lamp_orange",
            "hide_old_tab": true
        },
        {
            "name": "decocraft:lava_lamp_pink",
            "hide_old_tab": true
        },
        {
            "name": "decocraft:lava_lamp_purple",
            "hide_old_tab": true
        },
        {
            "name": "decocraft:lava_lamp_red",
            "hide_old_tab": true
        },
        {
            "name": "decocraft:lava_lamp_yellow",
            "hide_old_tab": true
        },
        {
            "name": "decocraft:neon_lamp_dog_and_cat",
            "hide_old_tab": true
        },
        {
            "name": "decocraft:neon_lamp_flamingo",
            "hide_old_tab": true
        },
        {
            "name": "decocraft:neon_lamp_ice_pop",
            "hide_old_tab": true
        },
        {
            "name": "decocraft:paper_lantern",
            "hide_old_tab": true
        },
        {
            "name": "decocraft:stained_glass_hanging_lamp_dusk",
            "hide_old_tab": true
        },
        {
            "name": "decocraft:stained_glass_hanging_lamp_embers",
            "hide_old_tab": true
        },
        {
            "name": "decocraft:stained_glass_hanging_lamp_emerald",
            "hide_old_tab": true
        },
        {
            "name": "decocraft:stained_glass_hanging_lamp_flamingo",
            "hide_old_tab": true
        },
        {
            "name": "decocraft:stained_glass_hanging_lamp_meadow",
            "hide_old_tab": true
        },
        {
            "name": "decocraft:stained_glass_hanging_lamp_monarch",
            "hide_old_tab": true
        },
        {
            "name": "decocraft:stained_glass_hanging_lamp_peacock",
            "hide_old_tab": true
        },
        {
            "name": "decocraft:stained_glass_hanging_lamp_popsicle",
            "hide_old_tab": true
        },
        {
            "name": "decocraft:stained_glass_hanging_lamp_raspberry",
            "hide_old_tab": true
        },
        {
            "name": "decocraft:stained_glass_hanging_lamp_sea",
            "hide_old_tab": true
        },
        {
            "name": "decocraft:stained_glass_hanging_lamp_sunrise",
            "hide_old_tab": true
        },
        {
            "name": "decocraft:stained_glass_hanging_lamp_vineyard",
            "hide_old_tab": true
        },
        {
            "name": "decocraft:table_lamp_black",
            "hide_old_tab": true
        },
        {
            "name": "decocraft:table_lamp_clay",
            "hide_old_tab": true
        },
        {
            "name": "decocraft:table_lamp_cyan",
            "hide_old_tab": true
        },
        {
            "name": "decocraft:table_lamp_gray",
            "hide_old_tab": true
        },
        {
            "name": "decocraft:table_lamp_pink",
            "hide_old_tab": true
        },
        {
            "name": "decocraft:table_lamp_stained_glass_dusk",
            "hide_old_tab": true
        },
        {
            "name": "decocraft:table_lamp_stained_glass_embers",
            "hide_old_tab": true
        },
        {
            "name": "decocraft:table_lamp_stained_glass_emerald",
            "hide_old_tab": true
        },
        {
            "name": "decocraft:table_lamp_stained_glass_flamingo",
            "hide_old_tab": true
        },
        {
            "name": "decocraft:table_lamp_stained_glass_meadow",
            "hide_old_tab": true
        },
        {
            "name": "decocraft:table_lamp_stained_glass_monarch",
            "hide_old_tab": true
        },
        {
            "name": "decocraft:table_lamp_stained_glass_peacock",
            "hide_old_tab": true
        },
        {
            "name": "decocraft:table_lamp_stained_glass_popsicle",
            "hide_old_tab": true
        },
        {
            "name": "decocraft:table_lamp_stained_glass_raspberry",
            "hide_old_tab": true
        },
        {
            "name": "decocraft:table_lamp_stained_glass_sea",
            "hide_old_tab": true
        },
        {
            "name": "decocraft:table_lamp_stained_glass_sunrise",
            "hide_old_tab": true
        },
        {
            "name": "decocraft:table_lamp_stained_glass_vineyard",
            "hide_old_tab": true
        },
        {
            "name": "decocraft:table_lamp_tall_black",
            "hide_old_tab": true
        },
        {
            "name": "decocraft:table_lamp_tall_clay",
            "hide_old_tab": true
        },
        {
            "name": "decocraft:table_lamp_tall_cyan",
            "hide_old_tab": true
        },
        {
            "name": "decocraft:table_lamp_tall_gray",
            "hide_old_tab": true
        },
        {
            "name": "decocraft:table_lamp_tall_pink",
            "hide_old_tab": true
        },
        {
            "name": "decocraft:table_lamp_tall_white",
            "hide_old_tab": true
        },
        {
            "name": "decocraft:table_lamp_white",
            "hide_old_tab": true
        },
        {
            "name": "furnitury:blue_lamp",
            "hide_old_tab": true
        },
        {
            "name": "furnitury:brown_lamp",
            "hide_old_tab": true
        },
        {
            "name": "furnitury:cyan_lamp",
            "hide_old_tab": true
        },
        {
            "name": "furnitury:green_lamp",
            "hide_old_tab": true
        },
        {
            "name": "furnitury:light_blue_lamp",
            "hide_old_tab": true
        },
        {
            "name": "furnitury:light_gray_lamp",
            "hide_old_tab": true
        },
        {
            "name": "furnitury:lime_lamp",
            "hide_old_tab": true
        },
        {
            "name": "furnitury:orange_lamp",
            "hide_old_tab": true
        },
        {
            "name": "furnitury:red_lamp",
            "hide_old_tab": true
        },
        {
            "name": "furnitury:white_lamp",
            "hide_old_tab": true
        },
        {
            "name": "furnitury:yellow_lamp",
            "hide_old_tab": true
        },
        {
            "name": "minecraft:jack_o_lantern",
            "hide_old_tab": true
        },
        {
            "name": "minecraft:ochre_froglight",
            "hide_old_tab": true
        },
        {
            "name": "minecraft:pearlescent_froglight",
            "hide_old_tab": true
        },
        {
            "name": "minecraft:redstone_lamp",
            "hide_old_tab": true
        },
        {
            "name": "minecraft:sea_lantern",
            "hide_old_tab": true
        },
        {
            "name": "minecraft:soul_lantern",
            "hide_old_tab": true
        },
        {
            "name": "minecraft:verdant_froglight",
            "hide_old_tab": true
        },
        {
            "name": "pfm:basic_lamp",
            "hide_old_tab": true
        },
        {
            "name": "projectred_illumination:black_cage_light",
            "hide_old_tab": true
        },
        {
            "name": "projectred_illumination:black_fallout_light",
            "hide_old_tab": true
        },
        {
            "name": "projectred_illumination:black_fixture_light",
            "hide_old_tab": true
        },
        {
            "name": "projectred_illumination:black_illumar_lamp",
            "hide_old_tab": true
        },
        {
            "name": "projectred_illumination:black_inverted_cage_light",
            "hide_old_tab": true
        },
        {
            "name": "projectred_illumination:black_inverted_fallout_light",
            "hide_old_tab": true
        },
        {
            "name": "projectred_illumination:black_inverted_fixture_light",
            "hide_old_tab": true
        },
        {
            "name": "projectred_illumination:black_inverted_illumar_lamp",
            "hide_old_tab": true
        },
        {
            "name": "projectred_illumination:black_inverted_lantern",
            "hide_old_tab": true
        },
        {
            "name": "projectred_illumination:black_lantern",
            "hide_old_tab": true
        },
        {
            "name": "projectred_illumination:blue_cage_light",
            "hide_old_tab": true
        },
        {
            "name": "projectred_illumination:blue_fallout_light",
            "hide_old_tab": true
        },
        {
            "name": "projectred_illumination:blue_fixture_light",
            "hide_old_tab": true
        },
        {
            "name": "projectred_illumination:blue_illumar_lamp",
            "hide_old_tab": true
        },
        {
            "name": "projectred_illumination:blue_inverted_cage_light",
            "hide_old_tab": true
        },
        {
            "name": "projectred_illumination:blue_inverted_fallout_light",
            "hide_old_tab": true
        },
        {
            "name": "projectred_illumination:blue_inverted_fixture_light",
            "hide_old_tab": true
        },
        {
            "name": "projectred_illumination:blue_inverted_illumar_lamp",
            "hide_old_tab": true
        },
        {
            "name": "projectred_illumination:blue_inverted_lantern",
            "hide_old_tab": true
        },
        {
            "name": "projectred_illumination:blue_lantern",
            "hide_old_tab": true
        },
        {
            "name": "projectred_illumination:brown_cage_light",
            "hide_old_tab": true
        },
        {
            "name": "projectred_illumination:brown_fallout_light",
            "hide_old_tab": true
        },
        {
            "name": "projectred_illumination:brown_fixture_light",
            "hide_old_tab": true
        },
        {
            "name": "projectred_illumination:brown_illumar_lamp",
            "hide_old_tab": true
        },
        {
            "name": "projectred_illumination:brown_inverted_cage_light",
            "hide_old_tab": true
        },
        {
            "name": "projectred_illumination:brown_inverted_fallout_light",
            "hide_old_tab": true
        },
        {
            "name": "projectred_illumination:brown_inverted_fixture_light",
            "hide_old_tab": true
        },
        {
            "name": "projectred_illumination:brown_inverted_illumar_lamp",
            "hide_old_tab": true
        },
        {
            "name": "projectred_illumination:brown_inverted_lantern",
            "hide_old_tab": true
        },
        {
            "name": "projectred_illumination:brown_lantern",
            "hide_old_tab": true
        },
        {
            "name": "projectred_illumination:cyan_cage_light",
            "hide_old_tab": true
        },
        {
            "name": "projectred_illumination:cyan_fallout_light",
            "hide_old_tab": true
        },
        {
            "name": "projectred_illumination:cyan_fixture_light",
            "hide_old_tab": true
        },
        {
            "name": "projectred_illumination:cyan_illumar_lamp",
            "hide_old_tab": true
        },
        {
            "name": "projectred_illumination:cyan_inverted_cage_light",
            "hide_old_tab": true
        },
        {
            "name": "projectred_illumination:cyan_inverted_fallout_light",
            "hide_old_tab": true
        },
        {
            "name": "projectred_illumination:cyan_inverted_fixture_light",
            "hide_old_tab": true
        },
        {
            "name": "projectred_illumination:cyan_inverted_illumar_lamp",
            "hide_old_tab": true
        },
        {
            "name": "projectred_illumination:cyan_inverted_lantern",
            "hide_old_tab": true
        },
        {
            "name": "projectred_illumination:cyan_lantern",
            "hide_old_tab": true
        },
        {
            "name": "projectred_illumination:gray_cage_light",
            "hide_old_tab": true
        },
        {
            "name": "projectred_illumination:gray_fallout_light",
            "hide_old_tab": true
        },
        {
            "name": "projectred_illumination:gray_fixture_light",
            "hide_old_tab": true
        },
        {
            "name": "projectred_illumination:gray_illumar_lamp",
            "hide_old_tab": true
        },
        {
            "name": "projectred_illumination:gray_inverted_cage_light",
            "hide_old_tab": true
        },
        {
            "name": "projectred_illumination:gray_inverted_fallout_light",
            "hide_old_tab": true
        },
        {
            "name": "projectred_illumination:gray_inverted_fixture_light",
            "hide_old_tab": true
        },
        {
            "name": "projectred_illumination:gray_inverted_illumar_lamp",
            "hide_old_tab": true
        },
        {
            "name": "projectred_illumination:gray_inverted_lantern",
            "hide_old_tab": true
        },
        {
            "name": "projectred_illumination:gray_lantern",
            "hide_old_tab": true
        },
        {
            "name": "projectred_illumination:green_cage_light",
            "hide_old_tab": true
        },
        {
            "name": "projectred_illumination:green_fallout_light",
            "hide_old_tab": true
        },
        {
            "name": "projectred_illumination:green_fixture_light",
            "hide_old_tab": true
        },
        {
            "name": "projectred_illumination:green_illumar_lamp",
            "hide_old_tab": true
        },
        {
            "name": "projectred_illumination:green_inverted_cage_light",
            "hide_old_tab": true
        },
        {
            "name": "projectred_illumination:green_inverted_fallout_light",
            "hide_old_tab": true
        },
        {
            "name": "projectred_illumination:green_inverted_fixture_light",
            "hide_old_tab": true
        },
        {
            "name": "projectred_illumination:green_inverted_illumar_lamp",
            "hide_old_tab": true
        },
        {
            "name": "projectred_illumination:green_inverted_lantern",
            "hide_old_tab": true
        },
        {
            "name": "projectred_illumination:green_lantern",
            "hide_old_tab": true
        },
        {
            "name": "projectred_illumination:illumar_smart_lamp",
            "hide_old_tab": true
        },
        {
            "name": "projectred_illumination:light_blue_cage_light",
            "hide_old_tab": true
        },
        {
            "name": "projectred_illumination:light_blue_fallout_light",
            "hide_old_tab": true
        },
        {
            "name": "projectred_illumination:light_blue_fixture_light",
            "hide_old_tab": true
        },
        {
            "name": "projectred_illumination:light_blue_illumar_lamp",
            "hide_old_tab": true
        },
        {
            "name": "projectred_illumination:light_blue_inverted_cage_light",
            "hide_old_tab": true
        },
        {
            "name": "projectred_illumination:light_blue_inverted_fallout_light",
            "hide_old_tab": true
        },
        {
            "name": "projectred_illumination:light_blue_inverted_fixture_light",
            "hide_old_tab": true
        },
        {
            "name": "projectred_illumination:light_blue_inverted_illumar_lamp",
            "hide_old_tab": true
        },
        {
            "name": "projectred_illumination:light_blue_inverted_lantern",
            "hide_old_tab": true
        },
        {
            "name": "projectred_illumination:light_blue_lantern",
            "hide_old_tab": true
        },
        {
            "name": "projectred_illumination:light_gray_cage_light",
            "hide_old_tab": true
        },
        {
            "name": "projectred_illumination:light_gray_fallout_light",
            "hide_old_tab": true
        },
        {
            "name": "projectred_illumination:light_gray_fixture_light",
            "hide_old_tab": true
        },
        {
            "name": "projectred_illumination:light_gray_illumar_lamp",
            "hide_old_tab": true
        },
        {
            "name": "projectred_illumination:light_gray_inverted_cage_light",
            "hide_old_tab": true
        },
        {
            "name": "projectred_illumination:light_gray_inverted_fallout_light",
            "hide_old_tab": true
        },
        {
            "name": "projectred_illumination:light_gray_inverted_fixture_light",
            "hide_old_tab": true
        },
        {
            "name": "projectred_illumination:light_gray_inverted_illumar_lamp",
            "hide_old_tab": true
        },
        {
            "name": "projectred_illumination:light_gray_inverted_lantern",
            "hide_old_tab": true
        },
        {
            "name": "projectred_illumination:light_gray_lantern",
            "hide_old_tab": true
        },
        {
            "name": "projectred_illumination:lime_cage_light",
            "hide_old_tab": true
        },
        {
            "name": "projectred_illumination:lime_fallout_light",
            "hide_old_tab": true
        },
        {
            "name": "projectred_illumination:lime_fixture_light",
            "hide_old_tab": true
        },
        {
            "name": "projectred_illumination:lime_illumar_lamp",
            "hide_old_tab": true
        },
        {
            "name": "projectred_illumination:lime_inverted_cage_light",
            "hide_old_tab": true
        },
        {
            "name": "projectred_illumination:lime_inverted_fallout_light",
            "hide_old_tab": true
        },
        {
            "name": "projectred_illumination:lime_inverted_fixture_light",
            "hide_old_tab": true
        },
        {
            "name": "projectred_illumination:lime_inverted_illumar_lamp",
            "hide_old_tab": true
        },
        {
            "name": "projectred_illumination:lime_inverted_lantern",
            "hide_old_tab": true
        },
        {
            "name": "projectred_illumination:lime_lantern",
            "hide_old_tab": true
        },
        {
            "name": "projectred_illumination:magenta_cage_light",
            "hide_old_tab": true
        },
        {
            "name": "projectred_illumination:magenta_fallout_light",
            "hide_old_tab": true
        },
        {
            "name": "projectred_illumination:magenta_fixture_light",
            "hide_old_tab": true
        },
        {
            "name": "projectred_illumination:magenta_illumar_lamp",
            "hide_old_tab": true
        },
        {
            "name": "projectred_illumination:magenta_inverted_cage_light",
            "hide_old_tab": true
        },
        {
            "name": "projectred_illumination:magenta_inverted_fallout_light",
            "hide_old_tab": true
        },
        {
            "name": "projectred_illumination:magenta_inverted_fixture_light",
            "hide_old_tab": true
        },
        {
            "name": "projectred_illumination:magenta_inverted_illumar_lamp",
            "hide_old_tab": true
        },
        {
            "name": "projectred_illumination:magenta_inverted_lantern",
            "hide_old_tab": true
        },
        {
            "name": "projectred_illumination:magenta_lantern",
            "hide_old_tab": true
        },
        {
            "name": "projectred_illumination:orange_cage_light",
            "hide_old_tab": true
        },
        {
            "name": "projectred_illumination:orange_fallout_light",
            "hide_old_tab": true
        },
        {
            "name": "projectred_illumination:orange_fixture_light",
            "hide_old_tab": true
        },
        {
            "name": "projectred_illumination:orange_illumar_lamp",
            "hide_old_tab": true
        },
        {
            "name": "projectred_illumination:orange_inverted_cage_light",
            "hide_old_tab": true
        },
        {
            "name": "projectred_illumination:orange_inverted_fallout_light",
            "hide_old_tab": true
        },
        {
            "name": "projectred_illumination:orange_inverted_fixture_light",
            "hide_old_tab": true
        },
        {
            "name": "projectred_illumination:orange_inverted_illumar_lamp",
            "hide_old_tab": true
        },
        {
            "name": "projectred_illumination:orange_inverted_lantern",
            "hide_old_tab": true
        },
        {
            "name": "projectred_illumination:orange_lantern",
            "hide_old_tab": true
        },
        {
            "name": "projectred_illumination:pink_cage_light",
            "hide_old_tab": true
        },
        {
            "name": "projectred_illumination:pink_fallout_light",
            "hide_old_tab": true
        },
        {
            "name": "projectred_illumination:pink_fixture_light",
            "hide_old_tab": true
        },
        {
            "name": "projectred_illumination:pink_illumar_lamp",
            "hide_old_tab": true
        },
        {
            "name": "projectred_illumination:pink_inverted_cage_light",
            "hide_old_tab": true
        },
        {
            "name": "projectred_illumination:pink_inverted_fallout_light",
            "hide_old_tab": true
        },
        {
            "name": "projectred_illumination:pink_inverted_fixture_light",
            "hide_old_tab": true
        },
        {
            "name": "projectred_illumination:pink_inverted_illumar_lamp",
            "hide_old_tab": true
        },
        {
            "name": "projectred_illumination:pink_inverted_lantern",
            "hide_old_tab": true
        },
        {
            "name": "projectred_illumination:pink_lantern",
            "hide_old_tab": true
        },
        {
            "name": "projectred_illumination:purple_cage_light",
            "hide_old_tab": true
        },
        {
            "name": "projectred_illumination:purple_fallout_light",
            "hide_old_tab": true
        },
        {
            "name": "projectred_illumination:purple_fixture_light",
            "hide_old_tab": true
        },
        {
            "name": "projectred_illumination:purple_illumar_lamp",
            "hide_old_tab": true
        },
        {
            "name": "projectred_illumination:purple_inverted_cage_light",
            "hide_old_tab": true
        },
        {
            "name": "projectred_illumination:purple_inverted_fallout_light",
            "hide_old_tab": true
        },
        {
            "name": "projectred_illumination:purple_inverted_fixture_light",
            "hide_old_tab": true
        },
        {
            "name": "projectred_illumination:purple_inverted_illumar_lamp",
            "hide_old_tab": true
        },
        {
            "name": "projectred_illumination:purple_inverted_lantern",
            "hide_old_tab": true
        },
        {
            "name": "projectred_illumination:purple_lantern",
            "hide_old_tab": true
        },
        {
            "name": "projectred_illumination:red_cage_light",
            "hide_old_tab": true
        },
        {
            "name": "projectred_illumination:red_fallout_light",
            "hide_old_tab": true
        },
        {
            "name": "projectred_illumination:red_fixture_light",
            "hide_old_tab": true
        },
        {
            "name": "projectred_illumination:red_illumar_lamp",
            "hide_old_tab": true
        },
        {
            "name": "projectred_illumination:red_inverted_cage_light",
            "hide_old_tab": true
        },
        {
            "name": "projectred_illumination:red_inverted_fallout_light",
            "hide_old_tab": true
        },
        {
            "name": "projectred_illumination:red_inverted_fixture_light",
            "hide_old_tab": true
        },
        {
            "name": "projectred_illumination:red_inverted_illumar_lamp",
            "hide_old_tab": true
        },
        {
            "name": "projectred_illumination:red_inverted_lantern",
            "hide_old_tab": true
        },
        {
            "name": "projectred_illumination:red_lantern",
            "hide_old_tab": true
        },
        {
            "name": "projectred_illumination:white_cage_light",
            "hide_old_tab": true
        },
        {
            "name": "projectred_illumination:white_fallout_light",
            "hide_old_tab": true
        },
        {
            "name": "projectred_illumination:white_fixture_light",
            "hide_old_tab": true
        },
        {
            "name": "projectred_illumination:white_illumar_lamp",
            "hide_old_tab": true
        },
        {
            "name": "projectred_illumination:white_inverted_cage_light",
            "hide_old_tab": true
        },
        {
            "name": "projectred_illumination:white_inverted_fallout_light",
            "hide_old_tab": true
        },
        {
            "name": "projectred_illumination:white_inverted_fixture_light",
            "hide_old_tab": true
        },
        {
            "name": "projectred_illumination:white_inverted_illumar_lamp",
            "hide_old_tab": true
        },
        {
            "name": "projectred_illumination:white_inverted_lantern",
            "hide_old_tab": true
        },
        {
            "name": "projectred_illumination:white_lantern",
            "hide_old_tab": true
        },
        {
            "name": "projectred_illumination:yellow_cage_light",
            "hide_old_tab": true
        },
        {
            "name": "projectred_illumination:yellow_fallout_light",
            "hide_old_tab": true
        },
        {
            "name": "projectred_illumination:yellow_fixture_light",
            "hide_old_tab": true
        },
        {
            "name": "projectred_illumination:yellow_illumar_lamp",
            "hide_old_tab": true
        },
        {
            "name": "projectred_illumination:yellow_inverted_cage_light",
            "hide_old_tab": true
        },
        {
            "name": "projectred_illumination:yellow_inverted_fallout_light",
            "hide_old_tab": true
        },
        {
            "name": "projectred_illumination:yellow_inverted_fixture_light",
            "hide_old_tab": true
        },
        {
            "name": "projectred_illumination:yellow_inverted_illumar_lamp",
            "hide_old_tab": true
        },
        {
            "name": "projectred_illumination:yellow_inverted_lantern",
            "hide_old_tab": true
        },
        {
            "name": "projectred_illumination:yellow_lantern",
            "hide_old_tab": true
        },
        {
            "name": "rats:rat_breeding_lantern",
            "hide_old_tab": true
        },
        {
            "name": "refurbished_furniture:black_lamp",
            "hide_old_tab": true
        },
        {
            "name": "refurbished_furniture:blue_lamp",
            "hide_old_tab": true
        },
        {
            "name": "refurbished_furniture:brown_lamp",
            "hide_old_tab": true
        },
        {
            "name": "refurbished_furniture:cyan_lamp",
            "hide_old_tab": true
        },
        {
            "name": "refurbished_furniture:gray_lamp",
            "hide_old_tab": true
        },
        {
            "name": "refurbished_furniture:green_lamp",
            "hide_old_tab": true
        },
        {
            "name": "refurbished_furniture:light_blue_lamp",
            "hide_old_tab": true
        },
        {
            "name": "refurbished_furniture:light_gray_lamp",
            "hide_old_tab": true
        },
        {
            "name": "refurbished_furniture:lime_lamp",
            "hide_old_tab": true
        },
        {
            "name": "refurbished_furniture:magenta_lamp",
            "hide_old_tab": true
        },
        {
            "name": "refurbished_furniture:orange_lamp",
            "hide_old_tab": true
        },
        {
            "name": "refurbished_furniture:pink_lamp",
            "hide_old_tab": true
        },
        {
            "name": "refurbished_furniture:purple_lamp",
            "hide_old_tab": true
        },
        {
            "name": "refurbished_furniture:red_lamp",
            "hide_old_tab": true
        },
        {
            "name": "refurbished_furniture:white_lamp",
            "hide_old_tab": true
        },
        {
            "name": "refurbished_furniture:yellow_lamp",
            "hide_old_tab": true
        },
        {
            "name": "regions_unexplored:hyacinth_lamp",
            "hide_old_tab": true
        },
        {
            "name": "supplementaries:blackstone_lamp",
            "hide_old_tab": true
        },
        {
            "name": "supplementaries:deepslate_lamp",
            "hide_old_tab": true
        },
        {
            "name": "supplementaries:end_stone_lamp",
            "hide_old_tab": true
        },
        {
            "name": "supplementaries:stone_lamp",
            "hide_old_tab": true
        },
        {
            "name": "torchmaster:dreadlamp",
            "hide_old_tab": true
        },
        {
            "name": "torchmaster:feral_flare_lantern",
            "hide_old_tab": true
        },
        {
            "name": "valhelsia_structures:unlit_lantern",
            "hide_old_tab": true
        },
        {
            "name": "valhelsia_structures:unlit_soul_lantern",
            "hide_old_tab": true
        }
    ]
  }
  