{
    "tab_enabled": true,
    "tab_name": "spawneggs",
    "tab_stack": {
      "name": "minecraft:villager_spawn_egg"
    },
    "tab_items": [
        {
            "name": "minecraft:spawner",
            "hide_old_tab": true
        },
        {
            "name": "minecraft:allay_spawn_egg",
            "hide_old_tab": true
        },
        {
            "name": "minecraft:axolotl_spawn_egg",
            "hide_old_tab": true
        },
        {
            "name": "minecraft:bat_spawn_egg",
            "hide_old_tab": true
        },
        {
            "name": "minecraft:bee_spawn_egg",
            "hide_old_tab": true
        },
        {
            "name": "minecraft:blaze_spawn_egg",
            "hide_old_tab": true
        },
        {
            "name": "minecraft:camel_spawn_egg",
            "hide_old_tab": true
        },
        {
            "name": "minecraft:cat_spawn_egg",
            "hide_old_tab": true
        },
        {
            "name": "minecraft:cave_spider_spawn_egg",
            "hide_old_tab": true
        },
        {
            "name": "minecraft:chicken_spawn_egg",
            "hide_old_tab": true
        },
        {
            "name": "minecraft:cod_spawn_egg",
            "hide_old_tab": true
        },
        {
            "name": "minecraft:cow_spawn_egg",
            "hide_old_tab": true
        },
        {
            "name": "minecraft:creeper_spawn_egg",
            "hide_old_tab": true
        },
        {
            "name": "minecraft:dolphin_spawn_egg",
            "hide_old_tab": true
        },
        {
            "name": "minecraft:donkey_spawn_egg",
            "hide_old_tab": true
        },
        {
            "name": "minecraft:drowned_spawn_egg",
            "hide_old_tab": true
        },
        {
            "name": "minecraft:elder_guardian_spawn_egg",
            "hide_old_tab": true
        },
        {
            "name": "minecraft:ender_dragon_spawn_egg",
            "hide_old_tab": true
        },
        {
            "name": "minecraft:enderman_spawn_egg",
            "hide_old_tab": true
        },
        {
            "name": "minecraft:endermite_spawn_egg",
            "hide_old_tab": true
        },
        {
            "name": "minecraft:evoker_spawn_egg",
            "hide_old_tab": true
        },
        {
            "name": "minecraft:fox_spawn_egg",
            "hide_old_tab": true
        },
        {
            "name": "minecraft:frog_spawn_egg",
            "hide_old_tab": true
        },
        {
            "name": "minecraft:ghast_spawn_egg",
            "hide_old_tab": true
        },
        {
            "name": "minecraft:glow_squid_spawn_egg",
            "hide_old_tab": true
        },
        {
            "name": "minecraft:goat_spawn_egg",
            "hide_old_tab": true
        },
        {
            "name": "minecraft:guardian_spawn_egg",
            "hide_old_tab": true
        },
        {
            "name": "minecraft:hoglin_spawn_egg",
            "hide_old_tab": true
        },
        {
            "name": "minecraft:horse_spawn_egg",
            "hide_old_tab": true
        },
        {
            "name": "minecraft:husk_spawn_egg",
            "hide_old_tab": true
        },
        {
            "name": "minecraft:iron_golem_spawn_egg",
            "hide_old_tab": true
        },
        {
            "name": "minecraft:llama_spawn_egg",
            "hide_old_tab": true
        },
        {
            "name": "minecraft:magma_cube_spawn_egg",
            "hide_old_tab": true
        },
        {
            "name": "minecraft:mooshroom_spawn_egg",
            "hide_old_tab": true
        },
        {
            "name": "minecraft:mule_spawn_egg",
            "hide_old_tab": true
        },
        {
            "name": "minecraft:ocelot_spawn_egg",
            "hide_old_tab": true
        },
        {
            "name": "minecraft:panda_spawn_egg",
            "hide_old_tab": true
        },
        {
            "name": "minecraft:parrot_spawn_egg",
            "hide_old_tab": true
        },
        {
            "name": "minecraft:phantom_spawn_egg",
            "hide_old_tab": true
        },
        {
            "name": "minecraft:pig_spawn_egg",
            "hide_old_tab": true
        },
        {
            "name": "minecraft:piglin_brute_spawn_egg",
            "hide_old_tab": true
        },
        {
            "name": "minecraft:piglin_spawn_egg",
            "hide_old_tab": true
        },
        {
            "name": "minecraft:pillager_spawn_egg",
            "hide_old_tab": true
        },
        {
            "name": "minecraft:polar_bear_spawn_egg",
            "hide_old_tab": true
        },
        {
            "name": "minecraft:pufferfish_spawn_egg",
            "hide_old_tab": true
        },
        {
            "name": "minecraft:rabbit_spawn_egg",
            "hide_old_tab": true
        },
        {
            "name": "minecraft:ravager_spawn_egg",
            "hide_old_tab": true
        },
        {
            "name": "minecraft:salmon_spawn_egg",
            "hide_old_tab": true
        },
        {
            "name": "minecraft:sheep_spawn_egg",
            "hide_old_tab": true
        },
        {
            "name": "minecraft:shulker_spawn_egg",
            "hide_old_tab": true
        },
        {
            "name": "minecraft:silverfish_spawn_egg",
            "hide_old_tab": true
        },
        {
            "name": "minecraft:skeleton_horse_spawn_egg",
            "hide_old_tab": true
        },
        {
            "name": "minecraft:skeleton_spawn_egg",
            "hide_old_tab": true
        },
        {
            "name": "minecraft:slime_spawn_egg",
            "hide_old_tab": true
        },
        {
            "name": "minecraft:sniffer_spawn_egg",
            "hide_old_tab": true
        },
        {
            "name": "minecraft:snow_golem_spawn_egg",
            "hide_old_tab": true
        },
        {
            "name": "minecraft:spider_spawn_egg",
            "hide_old_tab": true
        },
        {
            "name": "minecraft:squid_spawn_egg",
            "hide_old_tab": true
        },
        {
            "name": "minecraft:stray_spawn_egg",
            "hide_old_tab": true
        },
        {
            "name": "minecraft:strider_spawn_egg",
            "hide_old_tab": true
        },
        {
            "name": "minecraft:tadpole_spawn_egg",
            "hide_old_tab": true
        },
        {
            "name": "minecraft:trader_llama_spawn_egg",
            "hide_old_tab": true
        },
        {
            "name": "minecraft:tropical_fish_spawn_egg",
            "hide_old_tab": true
        },
        {
            "name": "minecraft:turtle_spawn_egg",
            "hide_old_tab": true
        },
        {
            "name": "minecraft:vex_spawn_egg",
            "hide_old_tab": true
        },
        {
            "name": "minecraft:villager_spawn_egg",
            "hide_old_tab": true
        },
        {
            "name": "minecraft:vindicator_spawn_egg",
            "hide_old_tab": true
        },
        {
            "name": "minecraft:wandering_trader_spawn_egg",
            "hide_old_tab": true
        },
        {
            "name": "minecraft:warden_spawn_egg",
            "hide_old_tab": true
        },
        {
            "name": "minecraft:witch_spawn_egg",
            "hide_old_tab": true
        },
        {
            "name": "minecraft:wither_skeleton_spawn_egg",
            "hide_old_tab": true
        },
        {
            "name": "minecraft:wither_spawn_egg",
            "hide_old_tab": true
        },
        {
            "name": "minecraft:wolf_spawn_egg",
            "hide_old_tab": true
        },
        {
            "name": "minecraft:zoglin_spawn_egg",
            "hide_old_tab": true
        },
        {
            "name": "minecraft:zombie_horse_spawn_egg",
            "hide_old_tab": true
        },
        {
            "name": "minecraft:zombie_spawn_egg",
            "hide_old_tab": true
        },
        {
            "name": "minecraft:zombie_villager_spawn_egg",
            "hide_old_tab": true
        },
        {
            "name": "minecraft:zombified_piglin_spawn_egg",
            "hide_old_tab": true
        },
        {
            "name": "aether:aechor_plant_spawn_egg",
            "hide_old_tab": true
        },
        {
            "name": "aether:aerbunny_spawn_egg",
            "hide_old_tab": true
        },
        {
            "name": "aether:aerwhale_spawn_egg",
            "hide_old_tab": true
        },
        {
            "name": "aether:blue_swet_spawn_egg",
            "hide_old_tab": true
        },
        {
            "name": "aether:cockatrice_spawn_egg",
            "hide_old_tab": true
        },
        {
            "name": "aether:evil_whirlwind_spawn_egg",
            "hide_old_tab": true
        },
        {
            "name": "aether:fire_minion_spawn_egg",
            "hide_old_tab": true
        },
        {
            "name": "aether:flying_cow_spawn_egg",
            "hide_old_tab": true
        },
        {
            "name": "aether:golden_swet_spawn_egg",
            "hide_old_tab": true
        },
        {
            "name": "aether:mimic_spawn_egg",
            "hide_old_tab": true
        },
        {
            "name": "aether:moa_spawn_egg",
            "hide_old_tab": true
        },
        {
            "name": "aether:phyg_spawn_egg",
            "hide_old_tab": true
        },
        {
            "name": "aether:sentry_spawn_egg",
            "hide_old_tab": true
        },
        {
            "name": "aether:sheepuff_spawn_egg",
            "hide_old_tab": true
        },
        {
            "name": "aether:slider_spawn_egg",
            "hide_old_tab": true
        },
        {
            "name": "aether:sun_spirit_spawn_egg",
            "hide_old_tab": true
        },
        {
            "name": "aether:valkyrie_queen_spawn_egg",
            "hide_old_tab": true
        },
        {
            "name": "aether:valkyrie_spawn_egg",
            "hide_old_tab": true
        },
        {
            "name": "aether:whirlwind_spawn_egg",
            "hide_old_tab": true
        },
        {
            "name": "aether:zephyr_spawn_egg",
            "hide_old_tab": true
        },
        {
            "name": "alexsmobs:spawn_egg_alligator_snapping_turtle",
            "hide_old_tab": true
        },
        {
            "name": "alexsmobs:spawn_egg_anaconda",
            "hide_old_tab": true
        },
        {
            "name": "alexsmobs:spawn_egg_anteater",
            "hide_old_tab": true
        },
        {
            "name": "alexsmobs:spawn_egg_bald_eagle",
            "hide_old_tab": true
        },
        {
            "name": "alexsmobs:spawn_egg_banana_slug",
            "hide_old_tab": true
        },
        {
            "name": "alexsmobs:spawn_egg_bison",
            "hide_old_tab": true
        },
        {
            "name": "alexsmobs:spawn_egg_blobfish",
            "hide_old_tab": true
        },
        {
            "name": "alexsmobs:spawn_egg_blue_jay",
            "hide_old_tab": true
        },
        {
            "name": "alexsmobs:spawn_egg_bone_serpent",
            "hide_old_tab": true
        },
        {
            "name": "alexsmobs:spawn_egg_bunfungus",
            "hide_old_tab": true
        },
        {
            "name": "alexsmobs:spawn_egg_cachalot_whale",
            "hide_old_tab": true
        },
        {
            "name": "alexsmobs:spawn_egg_caiman",
            "hide_old_tab": true
        },
        {
            "name": "alexsmobs:spawn_egg_capuchin_monkey",
            "hide_old_tab": true
        },
        {
            "name": "alexsmobs:spawn_egg_catfish",
            "hide_old_tab": true
        },
        {
            "name": "alexsmobs:spawn_egg_centipede",
            "hide_old_tab": true
        },
        {
            "name": "alexsmobs:spawn_egg_cockroach",
            "hide_old_tab": true
        },
        {
            "name": "alexsmobs:spawn_egg_comb_jelly",
            "hide_old_tab": true
        },
        {
            "name": "alexsmobs:spawn_egg_cosmaw",
            "hide_old_tab": true
        },
        {
            "name": "alexsmobs:spawn_egg_cosmic_cod",
            "hide_old_tab": true
        },
        {
            "name": "alexsmobs:spawn_egg_crimson_mosquito",
            "hide_old_tab": true
        },
        {
            "name": "alexsmobs:spawn_egg_crocodile",
            "hide_old_tab": true
        },
        {
            "name": "alexsmobs:spawn_egg_crow",
            "hide_old_tab": true
        },
        {
            "name": "alexsmobs:spawn_egg_devils_hole_pupfish",
            "hide_old_tab": true
        },
        {
            "name": "alexsmobs:spawn_egg_dropbear",
            "hide_old_tab": true
        },
        {
            "name": "alexsmobs:spawn_egg_elephant",
            "hide_old_tab": true
        },
        {
            "name": "alexsmobs:spawn_egg_emu",
            "hide_old_tab": true
        },
        {
            "name": "alexsmobs:spawn_egg_endergrade",
            "hide_old_tab": true
        },
        {
            "name": "alexsmobs:spawn_egg_enderiophage",
            "hide_old_tab": true
        },
        {
            "name": "alexsmobs:spawn_egg_farseer",
            "hide_old_tab": true
        },
        {
            "name": "alexsmobs:spawn_egg_flutter",
            "hide_old_tab": true
        },
        {
            "name": "alexsmobs:spawn_egg_fly",
            "hide_old_tab": true
        },
        {
            "name": "alexsmobs:spawn_egg_flying_fish",
            "hide_old_tab": true
        },
        {
            "name": "alexsmobs:spawn_egg_frilled_shark",
            "hide_old_tab": true
        },
        {
            "name": "alexsmobs:spawn_egg_froststalker",
            "hide_old_tab": true
        },
        {
            "name": "alexsmobs:spawn_egg_gazelle",
            "hide_old_tab": true
        },
        {
            "name": "alexsmobs:spawn_egg_gelada_monkey",
            "hide_old_tab": true
        },
        {
            "name": "alexsmobs:spawn_egg_giant_squid",
            "hide_old_tab": true
        },
        {
            "name": "alexsmobs:spawn_egg_gorilla",
            "hide_old_tab": true
        },
        {
            "name": "alexsmobs:spawn_egg_grizzly_bear",
            "hide_old_tab": true
        },
        {
            "name": "alexsmobs:spawn_egg_guster",
            "hide_old_tab": true
        },
        {
            "name": "alexsmobs:spawn_egg_hammerhead_shark",
            "hide_old_tab": true
        },
        {
            "name": "alexsmobs:spawn_egg_hummingbird",
            "hide_old_tab": true
        },
        {
            "name": "alexsmobs:spawn_egg_jerboa",
            "hide_old_tab": true
        },
        {
            "name": "alexsmobs:spawn_egg_kangaroo",
            "hide_old_tab": true
        },
        {
            "name": "alexsmobs:spawn_egg_komodo_dragon",
            "hide_old_tab": true
        },
        {
            "name": "alexsmobs:spawn_egg_laviathan",
            "hide_old_tab": true
        },
        {
            "name": "alexsmobs:spawn_egg_leafcutter_ant",
            "hide_old_tab": true
        },
        {
            "name": "alexsmobs:spawn_egg_lobster",
            "hide_old_tab": true
        },
        {
            "name": "alexsmobs:spawn_egg_maned_wolf",
            "hide_old_tab": true
        },
        {
            "name": "alexsmobs:spawn_egg_mantis_shrimp",
            "hide_old_tab": true
        },
        {
            "name": "alexsmobs:spawn_egg_mimic_octopus",
            "hide_old_tab": true
        },
        {
            "name": "alexsmobs:spawn_egg_mimicube",
            "hide_old_tab": true
        },
        {
            "name": "alexsmobs:spawn_egg_moose",
            "hide_old_tab": true
        },
        {
            "name": "alexsmobs:spawn_egg_mudskipper",
            "hide_old_tab": true
        },
        {
            "name": "alexsmobs:spawn_egg_mungus",
            "hide_old_tab": true
        },
        {
            "name": "alexsmobs:spawn_egg_murmur",
            "hide_old_tab": true
        },
        {
            "name": "alexsmobs:spawn_egg_orca",
            "hide_old_tab": true
        },
        {
            "name": "alexsmobs:spawn_egg_platypus",
            "hide_old_tab": true
        },
        {
            "name": "alexsmobs:spawn_egg_potoo",
            "hide_old_tab": true
        },
        {
            "name": "alexsmobs:spawn_egg_raccoon",
            "hide_old_tab": true
        },
        {
            "name": "alexsmobs:spawn_egg_rain_frog",
            "hide_old_tab": true
        },
        {
            "name": "alexsmobs:spawn_egg_rattlesnake",
            "hide_old_tab": true
        },
        {
            "name": "alexsmobs:spawn_egg_rhinoceros",
            "hide_old_tab": true
        },
        {
            "name": "alexsmobs:spawn_egg_roadrunner",
            "hide_old_tab": true
        },
        {
            "name": "alexsmobs:spawn_egg_rocky_roller",
            "hide_old_tab": true
        },
        {
            "name": "alexsmobs:spawn_egg_seagull",
            "hide_old_tab": true
        },
        {
            "name": "alexsmobs:spawn_egg_seal",
            "hide_old_tab": true
        },
        {
            "name": "alexsmobs:spawn_egg_shoebill",
            "hide_old_tab": true
        },
        {
            "name": "alexsmobs:spawn_egg_skelewag",
            "hide_old_tab": true
        },
        {
            "name": "alexsmobs:spawn_egg_skreecher",
            "hide_old_tab": true
        },
        {
            "name": "alexsmobs:spawn_egg_skunk",
            "hide_old_tab": true
        },
        {
            "name": "alexsmobs:spawn_egg_snow_leopard",
            "hide_old_tab": true
        },
        {
            "name": "alexsmobs:spawn_egg_soul_vulture",
            "hide_old_tab": true
        },
        {
            "name": "alexsmobs:spawn_egg_spectre",
            "hide_old_tab": true
        },
        {
            "name": "alexsmobs:spawn_egg_straddler",
            "hide_old_tab": true
        },
        {
            "name": "alexsmobs:spawn_egg_stradpole",
            "hide_old_tab": true
        },
        {
            "name": "alexsmobs:spawn_egg_sugar_glider",
            "hide_old_tab": true
        },
        {
            "name": "alexsmobs:spawn_egg_sunbird",
            "hide_old_tab": true
        },
        {
            "name": "alexsmobs:spawn_egg_tarantula_hawk",
            "hide_old_tab": true
        },
        {
            "name": "alexsmobs:spawn_egg_tasmanian_devil",
            "hide_old_tab": true
        },
        {
            "name": "alexsmobs:spawn_egg_terrapin",
            "hide_old_tab": true
        },
        {
            "name": "alexsmobs:spawn_egg_tiger",
            "hide_old_tab": true
        },
        {
            "name": "alexsmobs:spawn_egg_toucan",
            "hide_old_tab": true
        },
        {
            "name": "alexsmobs:spawn_egg_triops",
            "hide_old_tab": true
        },
        {
            "name": "alexsmobs:spawn_egg_tusklin",
            "hide_old_tab": true
        },
        {
            "name": "alexsmobs:spawn_egg_underminer",
            "hide_old_tab": true
        },
        {
            "name": "alexsmobs:spawn_egg_void_worm",
            "hide_old_tab": true
        },
        {
            "name": "alexsmobs:spawn_egg_warped_mosco",
            "hide_old_tab": true
        },
        {
            "name": "alexsmobs:spawn_egg_warped_toad",
            "hide_old_tab": true
        },
        {
            "name": "aquaculture:arrau_turtle_spawn_egg",
            "hide_old_tab": true
        },
        {
            "name": "aquaculture:box_turtle_spawn_egg",
            "hide_old_tab": true
        },
        {
            "name": "aquaculture:starshell_turtle_spawn_egg",
            "hide_old_tab": true
        },
        {
            "name": "create_ltab_f:lonely_knight_spawn_egg",
            "hide_old_tab": true
        },
        {
            "name": "dawnoftimebuilder:silkmoth_spawn_egg",
            "hide_old_tab": true
        },
        {
            "name": "friendsandfoes:copper_golem_spawn_egg",
            "hide_old_tab": true
        },
        {
            "name": "friendsandfoes:crab_spawn_egg",
            "hide_old_tab": true
        },
        {
            "name": "friendsandfoes:glare_spawn_egg",
            "hide_old_tab": true
        },
        {
            "name": "friendsandfoes:iceologer_spawn_egg",
            "hide_old_tab": true
        },
        {
            "name": "friendsandfoes:illusioner_spawn_egg",
            "hide_old_tab": true
        },
        {
            "name": "friendsandfoes:mauler_spawn_egg",
            "hide_old_tab": true
        },
        {
            "name": "friendsandfoes:moobloom_spawn_egg",
            "hide_old_tab": true
        },
        {
            "name": "friendsandfoes:rascal_spawn_egg",
            "hide_old_tab": true
        },
        {
            "name": "friendsandfoes:tuff_golem_spawn_egg",
            "hide_old_tab": true
        },
        {
            "name": "friendsandfoes:wildfire_spawn_egg",
            "hide_old_tab": true
        },
        {
            "name": "illagerinvasion:alchemist_spawn_egg",
            "hide_old_tab": true
        },
        {
            "name": "illagerinvasion:archivist_spawn_egg",
            "hide_old_tab": true
        },
        {
            "name": "illagerinvasion:basher_spawn_egg",
            "hide_old_tab": true
        },
        {
            "name": "illagerinvasion:firecaller_spawn_egg",
            "hide_old_tab": true
        },
        {
            "name": "illagerinvasion:illusioner_spawn_egg",
            "hide_old_tab": true
        },
        {
            "name": "illagerinvasion:inquisitor_spawn_egg",
            "hide_old_tab": true
        },
        {
            "name": "illagerinvasion:invoker_spawn_egg",
            "hide_old_tab": true
        },
        {
            "name": "illagerinvasion:marauder_spawn_egg",
            "hide_old_tab": true
        },
        {
            "name": "illagerinvasion:necromancer_spawn_egg",
            "hide_old_tab": true
        },
        {
            "name": "illagerinvasion:provoker_spawn_egg",
            "hide_old_tab": true
        },
        {
            "name": "illagerinvasion:sorcerer_spawn_egg",
            "hide_old_tab": true
        },
        {
            "name": "illagerinvasion:surrendered_spawn_egg",
            "hide_old_tab": true
        },
        {
            "name": "knightquest:bad_patch_spawn_egg",
            "hide_old_tab": true
        },
        {
            "name": "knightquest:eldbomb_spawn_egg",
            "hide_old_tab": true
        },
        {
            "name": "knightquest:eldknight_spawn_egg",
            "hide_old_tab": true
        },
        {
            "name": "knightquest:fallen_knight_spawn_egg",
            "hide_old_tab": true
        },
        {
            "name": "knightquest:ghosty_spawn_egg",
            "hide_old_tab": true
        },
        {
            "name": "knightquest:gremlin_spawn_egg",
            "hide_old_tab": true
        },
        {
            "name": "knightquest:lizzy_spawn_egg",
            "hide_old_tab": true
        },
        {
            "name": "knightquest:netherman_spawn_egg",
            "hide_old_tab": true
        },
        {
            "name": "knightquest:ratman_spawn_egg",
            "hide_old_tab": true
        },
        {
            "name": "knightquest:samhain_spawn_egg",
            "hide_old_tab": true
        },
        {
            "name": "knightquest:swampman_spawn_egg",
            "hide_old_tab": true
        },
        {
            "name": "naturalist:alligator_spawn_egg",
            "hide_old_tab": true
        },
        {
            "name": "naturalist:bass_spawn_egg",
            "hide_old_tab": true
        },
        {
            "name": "naturalist:bear_spawn_egg",
            "hide_old_tab": true
        },
        {
            "name": "naturalist:bluejay_spawn_egg",
            "hide_old_tab": true
        },
        {
            "name": "naturalist:boar_spawn_egg",
            "hide_old_tab": true
        },
        {
            "name": "naturalist:butterfly_spawn_egg",
            "hide_old_tab": true
        },
        {
            "name": "naturalist:canary_spawn_egg",
            "hide_old_tab": true
        },
        {
            "name": "naturalist:cardinal_spawn_egg",
            "hide_old_tab": true
        },
        {
            "name": "naturalist:caterpillar_spawn_egg",
            "hide_old_tab": true
        },
        {
            "name": "naturalist:catfish_spawn_egg",
            "hide_old_tab": true
        },
        {
            "name": "naturalist:coral_snake_spawn_egg",
            "hide_old_tab": true
        },
        {
            "name": "naturalist:deer_spawn_egg",
            "hide_old_tab": true
        },
        {
            "name": "naturalist:dragonfly_spawn_egg",
            "hide_old_tab": true
        },
        {
            "name": "naturalist:duck_spawn_egg",
            "hide_old_tab": true
        },
        {
            "name": "naturalist:elephant_spawn_egg",
            "hide_old_tab": true
        },
        {
            "name": "naturalist:finch_spawn_egg",
            "hide_old_tab": true
        },
        {
            "name": "naturalist:firefly_spawn_egg",
            "hide_old_tab": true
        },
        {
            "name": "naturalist:giraffe_spawn_egg",
            "hide_old_tab": true
        },
        {
            "name": "naturalist:hippo_spawn_egg",
            "hide_old_tab": true
        },
        {
            "name": "naturalist:lion_spawn_egg",
            "hide_old_tab": true
        },
        {
            "name": "naturalist:lizard_spawn_egg",
            "hide_old_tab": true
        },
        {
            "name": "naturalist:rattlesnake_spawn_egg",
            "hide_old_tab": true
        },
        {
            "name": "naturalist:rhino_spawn_egg",
            "hide_old_tab": true
        },
        {
            "name": "naturalist:robin_spawn_egg",
            "hide_old_tab": true
        },
        {
            "name": "naturalist:snail_spawn_egg",
            "hide_old_tab": true
        },
        {
            "name": "naturalist:snake_spawn_egg",
            "hide_old_tab": true
        },
        {
            "name": "naturalist:sparrow_spawn_egg",
            "hide_old_tab": true
        },
        {
            "name": "naturalist:tortoise_spawn_egg",
            "hide_old_tab": true
        },
        {
            "name": "naturalist:vulture_spawn_egg",
            "hide_old_tab": true
        },
        {
            "name": "naturalist:zebra_spawn_egg",
            "hide_old_tab": true
        },
        {
            "name": "rats:black_death_spawn_egg",
            "hide_old_tab": true
        },
        {
            "name": "rats:demon_rat_spawn_egg",
            "hide_old_tab": true
        },
        {
            "name": "rats:dutchrat_spawn_egg",
            "hide_old_tab": true
        },
        {
            "name": "rats:feral_ratlantean_spawn_egg",
            "hide_old_tab": true
        },
        {
            "name": "rats:ghost_pirat_spawn_egg",
            "hide_old_tab": true
        },
        {
            "name": "rats:neo_ratlantean_spawn_egg",
            "hide_old_tab": true
        },
        {
            "name": "rats:pied_piper_spawn_egg",
            "hide_old_tab": true
        },
        {
            "name": "rats:pirat_spawn_egg",
            "hide_old_tab": true
        },
        {
            "name": "rats:plague_beast_spawn_egg",
            "hide_old_tab": true
        },
        {
            "name": "rats:plague_cloud_spawn_egg",
            "hide_old_tab": true
        },
        {
            "name": "rats:plague_doctor_spawn_egg",
            "hide_old_tab": true
        },
        {
            "name": "rats:rat_baron_spawn_egg",
            "hide_old_tab": true
        },
        {
            "name": "rats:rat_king_spawn_egg",
            "hide_old_tab": true
        },
        {
            "name": "rats:rat_spawn_egg",
            "hide_old_tab": true
        },
        {
            "name": "rats:ratfish_spawn_egg",
            "hide_old_tab": true
        },
        {
            "name": "rats:ratlantean_automaton_spawn_egg",
            "hide_old_tab": true
        },
        {
            "name": "rats:ratlantean_ratbot_spawn_egg",
            "hide_old_tab": true
        },
        {
            "name": "rats:ratlantean_spirit_spawn_egg",
            "hide_old_tab": true
        },
        {
            "name": "recruits:bowman_spawn_egg",
            "hide_old_tab": true
        },
        {
            "name": "recruits:crossbowman_spawn_egg",
            "hide_old_tab": true
        },
        {
            "name": "recruits:horseman_spawn_egg",
            "hide_old_tab": true
        },
        {
            "name": "recruits:nomad_spawn_egg",
            "hide_old_tab": true
        },
        {
            "name": "recruits:recruit_shieldman_spawn_egg",
            "hide_old_tab": true
        },
        {
            "name": "recruits:recruit_spawn_egg",
            "hide_old_tab": true
        },
        {
            "name": "valarian_conquest:bandit_1_spawn_egg",
            "hide_old_tab": true
        },
        {
            "name": "valarian_conquest:bandit_2_spawn_egg",
            "hide_old_tab": true
        },
        {
            "name": "valarian_conquest:battering_ram_spawn_egg",
            "hide_old_tab": true
        },
        {
            "name": "valarian_conquest:bohemian_archer_spawn_egg",
            "hide_old_tab": true
        },
        {
            "name": "valarian_conquest:bohemian_female_villager_spawn_egg",
            "hide_old_tab": true
        },
        {
            "name": "valarian_conquest:bohemian_guard_spawn_egg",
            "hide_old_tab": true
        },
        {
            "name": "valarian_conquest:bohemian_king_spawn_egg",
            "hide_old_tab": true
        },
        {
            "name": "valarian_conquest:bohemian_kings_guard_spawn_egg",
            "hide_old_tab": true
        },
        {
            "name": "valarian_conquest:bohemian_knight_spawn_egg",
            "hide_old_tab": true
        },
        {
            "name": "valarian_conquest:bohemian_spearman_spawn_egg",
            "hide_old_tab": true
        },
        {
            "name": "valarian_conquest:bohemian_villager_spawn_egg",
            "hide_old_tab": true
        },
        {
            "name": "valarian_conquest:caladrian_archer_spawn_egg",
            "hide_old_tab": true
        },
        {
            "name": "valarian_conquest:caladrian_female_villager_spawn_egg",
            "hide_old_tab": true
        },
        {
            "name": "valarian_conquest:caladrian_guard_spawn_egg",
            "hide_old_tab": true
        },
        {
            "name": "valarian_conquest:caladrian_king_spawn_egg",
            "hide_old_tab": true
        },
        {
            "name": "valarian_conquest:caladrian_kings_guard_spawn_egg",
            "hide_old_tab": true
        },
        {
            "name": "valarian_conquest:caladrian_knight_spawn_egg",
            "hide_old_tab": true
        },
        {
            "name": "valarian_conquest:caladrian_officer_spawn_egg",
            "hide_old_tab": true
        },
        {
            "name": "valarian_conquest:caladrian_spearman_spawn_egg",
            "hide_old_tab": true
        },
        {
            "name": "valarian_conquest:caladrian_villager_spawn_egg",
            "hide_old_tab": true
        },
        {
            "name": "valarian_conquest:captured_valarian_cannon_spawn_egg",
            "hide_old_tab": true
        },
        {
            "name": "valarian_conquest:draugr_archer_spawn_egg",
            "hide_old_tab": true
        },
        {
            "name": "valarian_conquest:draugr_guard_spawn_egg",
            "hide_old_tab": true
        },
        {
            "name": "valarian_conquest:draugr_knight_spawn_egg",
            "hide_old_tab": true
        },
        {
            "name": "valarian_conquest:draugr_lord_spawn_egg",
            "hide_old_tab": true
        },
        {
            "name": "valarian_conquest:draugr_spearman_spawn_egg",
            "hide_old_tab": true
        },
        {
            "name": "valarian_conquest:galician_archer_spawn_egg",
            "hide_old_tab": true
        },
        {
            "name": "valarian_conquest:galician_female_villager_spawn_egg",
            "hide_old_tab": true
        },
        {
            "name": "valarian_conquest:galician_guard_spawn_egg",
            "hide_old_tab": true
        },
        {
            "name": "valarian_conquest:galician_king_spawn_egg",
            "hide_old_tab": true
        },
        {
            "name": "valarian_conquest:galician_kings_guard_spawn_egg",
            "hide_old_tab": true
        },
        {
            "name": "valarian_conquest:galician_knight_spawn_egg",
            "hide_old_tab": true
        },
        {
            "name": "valarian_conquest:galician_spearman_spawn_egg",
            "hide_old_tab": true
        },
        {
            "name": "valarian_conquest:galician_villager_spawn_egg",
            "hide_old_tab": true
        },
        {
            "name": "valarian_conquest:gardonian_archer_spawn_egg",
            "hide_old_tab": true
        },
        {
            "name": "valarian_conquest:gardonian_female_villager_spawn_egg",
            "hide_old_tab": true
        },
        {
            "name": "valarian_conquest:gardonian_guard_spawn_egg",
            "hide_old_tab": true
        },
        {
            "name": "valarian_conquest:gardonian_king_spawn_egg",
            "hide_old_tab": true
        },
        {
            "name": "valarian_conquest:gardonian_kings_guard_spawn_egg",
            "hide_old_tab": true
        },
        {
            "name": "valarian_conquest:gardonian_knight_spawn_egg",
            "hide_old_tab": true
        },
        {
            "name": "valarian_conquest:gardonian_spearman_spawn_egg",
            "hide_old_tab": true
        },
        {
            "name": "valarian_conquest:gardonian_villager_spawn_egg",
            "hide_old_tab": true
        },
        {
            "name": "valarian_conquest:kings_guard_spawn_egg",
            "hide_old_tab": true
        },
        {
            "name": "valarian_conquest:lancastian_archer_spawn_egg",
            "hide_old_tab": true
        },
        {
            "name": "valarian_conquest:lancastian_female_villager_spawn_egg",
            "hide_old_tab": true
        },
        {
            "name": "valarian_conquest:lancastian_guard_spawn_egg",
            "hide_old_tab": true
        },
        {
            "name": "valarian_conquest:lancastian_king_spawn_egg",
            "hide_old_tab": true
        },
        {
            "name": "valarian_conquest:lancastian_kings_guard_spawn_egg",
            "hide_old_tab": true
        },
        {
            "name": "valarian_conquest:lancastian_knight_spawn_egg",
            "hide_old_tab": true
        },
        {
            "name": "valarian_conquest:lancastian_spearman_spawn_egg",
            "hide_old_tab": true
        },
        {
            "name": "valarian_conquest:lancastian_villager_spawn_egg",
            "hide_old_tab": true
        },
        {
            "name": "valarian_conquest:man_at_arms_spawn_egg",
            "hide_old_tab": true
        },
        {
            "name": "valarian_conquest:mercenary_spawn_egg",
            "hide_old_tab": true
        },
        {
            "name": "valarian_conquest:numerian_archer_spawn_egg",
            "hide_old_tab": true
        },
        {
            "name": "valarian_conquest:numerian_female_villager_spawn_egg",
            "hide_old_tab": true
        },
        {
            "name": "valarian_conquest:numerian_guard_spawn_egg",
            "hide_old_tab": true
        },
        {
            "name": "valarian_conquest:numerian_king_spawn_egg",
            "hide_old_tab": true
        },
        {
            "name": "valarian_conquest:numerian_kings_guard_spawn_egg",
            "hide_old_tab": true
        },
        {
            "name": "valarian_conquest:numerian_knight_spawn_egg",
            "hide_old_tab": true
        },
        {
            "name": "valarian_conquest:numerian_spearman_spawn_egg",
            "hide_old_tab": true
        },
        {
            "name": "valarian_conquest:numerian_villager_spawn_egg",
            "hide_old_tab": true
        },
        {
            "name": "valarian_conquest:ranged_mercenary_spawn_egg",
            "hide_old_tab": true
        },
        {
            "name": "valarian_conquest:valarian_archer_spawn_egg",
            "hide_old_tab": true
        },
        {
            "name": "valarian_conquest:valarian_breacher_spawn_egg",
            "hide_old_tab": true
        },
        {
            "name": "valarian_conquest:valarian_cannon_spawn_egg",
            "hide_old_tab": true
        },
        {
            "name": "valarian_conquest:valarian_female_villager_spawn_egg",
            "hide_old_tab": true
        },
        {
            "name": "valarian_conquest:valarian_guard_spawn_egg",
            "hide_old_tab": true
        },
        {
            "name": "valarian_conquest:valarian_king_spawn_egg",
            "hide_old_tab": true
        },
        {
            "name": "valarian_conquest:valarian_knight_spawn_egg",
            "hide_old_tab": true
        },
        {
            "name": "valarian_conquest:valarian_raider_spawn_egg",
            "hide_old_tab": true
        },
        {
            "name": "valarian_conquest:valarian_ranger_spawn_egg",
            "hide_old_tab": true
        },
        {
            "name": "valarian_conquest:valarian_spearman_spawn_egg",
            "hide_old_tab": true
        },
        {
            "name": "valarian_conquest:valarian_villager_spawn_egg",
            "hide_old_tab": true
        },
        {
            "name": "valarian_conquest:visgothian_archer_spawn_egg",
            "hide_old_tab": true
        },
        {
            "name": "valarian_conquest:visgothian_female_v_illager_spawn_egg",
            "hide_old_tab": true
        },
        {
            "name": "valarian_conquest:visgothian_guard_spawn_egg",
            "hide_old_tab": true
        },
        {
            "name": "valarian_conquest:visgothian_king_spawn_egg",
            "hide_old_tab": true
        },
        {
            "name": "valarian_conquest:visgothian_kings_guard_spawn_egg",
            "hide_old_tab": true
        },
        {
            "name": "valarian_conquest:visgothian_knight_spawn_egg",
            "hide_old_tab": true
        },
        {
            "name": "valarian_conquest:visgothian_spearman_spawn_egg",
            "hide_old_tab": true
        },
        {
            "name": "valarian_conquest:visgothian_villager_spawn_egg",
            "hide_old_tab": true
        },
        {
            "name": "variantsandventures:gelid_spawn_egg",
            "hide_old_tab": true
        },
        {
            "name": "variantsandventures:murk_spawn_egg",
            "hide_old_tab": true
        },
        {
            "name": "variantsandventures:thicket_spawn_egg",
            "hide_old_tab": true
        },
        {
            "name": "variantsandventures:verdant_spawn_egg",
            "hide_old_tab": true
        },
        {
            "name": "vinery:mule_spawn_egg",
            "hide_old_tab": true
        },
        {
            "name": "vinery:wandering_winemaker_spawn_egg",
            "hide_old_tab": true
        },
        {
            "name": "aether:white_moa_egg",
            "hide_old_tab": true
        },
        {
            "name": "aether:black_moa_egg",
            "hide_old_tab": true
        },
        {
            "name": "aether:blue_moa_egg",
            "hide_old_tab": true
        }
    ]
}