{
    "tab_enabled": true,
    "tab_name": "stairs",
    "tab_stack": {
      "name": "minecraft:acacia_stairs"
    },
    "tab_items": [
        {
            "name": "minecraft:acacia_slab",
            "hide_old_tab": true
        },
        {
            "name": "minecraft:acacia_stairs",
            "hide_old_tab": true
        },
        {
            "name": "minecraft:andesite_slab",
            "hide_old_tab": true
        },
        {
            "name": "minecraft:andesite_stairs",
            "hide_old_tab": true
        },
        {
            "name": "minecraft:bamboo_mosaic_slab",
            "hide_old_tab": true
        },
        {
            "name": "minecraft:bamboo_mosaic_stairs",
            "hide_old_tab": true
        },
        {
            "name": "minecraft:bamboo_slab",
            "hide_old_tab": true
        },
        {
            "name": "minecraft:bamboo_stairs",
            "hide_old_tab": true
        },
        {
            "name": "minecraft:birch_slab",
            "hide_old_tab": true
        },
        {
            "name": "minecraft:birch_stairs",
            "hide_old_tab": true
        },
        {
            "name": "minecraft:blackstone_slab",
            "hide_old_tab": true
        },
        {
            "name": "minecraft:blackstone_stairs",
            "hide_old_tab": true
        },
        {
            "name": "minecraft:brick_slab",
            "hide_old_tab": true
        },
        {
            "name": "minecraft:brick_stairs",
            "hide_old_tab": true
        },
        {
            "name": "minecraft:cherry_slab",
            "hide_old_tab": true
        },
        {
            "name": "minecraft:cherry_stairs",
            "hide_old_tab": true
        },
        {
            "name": "minecraft:cobbled_deepslate_slab",
            "hide_old_tab": true
        },
        {
            "name": "minecraft:cobbled_deepslate_stairs",
            "hide_old_tab": true
        },
        {
            "name": "minecraft:crimson_slab",
            "hide_old_tab": true
        },
        {
            "name": "minecraft:crimson_stairs",
            "hide_old_tab": true
        },
        {
            "name": "minecraft:cut_copper_slab",
            "hide_old_tab": true
        },
        {
            "name": "minecraft:cut_copper_stairs",
            "hide_old_tab": true
        },
        {
            "name": "minecraft:cut_red_sandstone_slab",
            "hide_old_tab": true
        },
        {
            "name": "minecraft:cut_sandstone_slab",
            "hide_old_tab": true
        },
        {
            "name": "minecraft:dark_oak_slab",
            "hide_old_tab": true
        },
        {
            "name": "minecraft:dark_oak_stairs",
            "hide_old_tab": true
        },
        {
            "name": "minecraft:dark_prismarine_slab",
            "hide_old_tab": true
        },
        {
            "name": "minecraft:dark_prismarine_stairs",
            "hide_old_tab": true
        },
        {
            "name": "minecraft:deepslate_brick_slab",
            "hide_old_tab": true
        },
        {
            "name": "minecraft:deepslate_brick_stairs",
            "hide_old_tab": true
        },
        {
            "name": "minecraft:deepslate_tile_slab",
            "hide_old_tab": true
        },
        {
            "name": "minecraft:deepslate_tile_stairs",
            "hide_old_tab": true
        },
        {
            "name": "minecraft:diorite_slab",
            "hide_old_tab": true
        },
        {
            "name": "minecraft:diorite_stairs",
            "hide_old_tab": true
        },
        {
            "name": "minecraft:end_stone_brick_slab",
            "hide_old_tab": true
        },
        {
            "name": "minecraft:end_stone_brick_stairs",
            "hide_old_tab": true
        },
        {
            "name": "minecraft:exposed_cut_copper_slab",
            "hide_old_tab": true
        },
        {
            "name": "minecraft:exposed_cut_copper_stairs",
            "hide_old_tab": true
        },
        {
            "name": "minecraft:granite_slab",
            "hide_old_tab": true
        },
        {
            "name": "minecraft:granite_stairs",
            "hide_old_tab": true
        },
        {
            "name": "minecraft:jungle_slab",
            "hide_old_tab": true
        },
        {
            "name": "minecraft:jungle_stairs",
            "hide_old_tab": true
        },
        {
            "name": "minecraft:mangrove_slab",
            "hide_old_tab": true
        },
        {
            "name": "minecraft:mangrove_stairs",
            "hide_old_tab": true
        },
        {
            "name": "minecraft:mossy_stone_brick_slab",
            "hide_old_tab": true
        },
        {
            "name": "minecraft:mossy_stone_brick_stairs",
            "hide_old_tab": true
        },
        {
            "name": "minecraft:mud_brick_slab",
            "hide_old_tab": true
        },
        {
            "name": "minecraft:mud_brick_stairs",
            "hide_old_tab": true
        },
        {
            "name": "minecraft:nether_brick_slab",
            "hide_old_tab": true
        },
        {
            "name": "minecraft:nether_brick_stairs",
            "hide_old_tab": true
        },
        {
            "name": "minecraft:oak_slab",
            "hide_old_tab": true
        },
        {
            "name": "minecraft:oak_stairs",
            "hide_old_tab": true
        },
        {
            "name": "minecraft:oxidized_cut_copper_slab",
            "hide_old_tab": true
        },
        {
            "name": "minecraft:oxidized_cut_copper_stairs",
            "hide_old_tab": true
        },
        {
            "name": "minecraft:petrified_oak_slab",
            "hide_old_tab": true
        },
        {
            "name": "minecraft:polished_andesite_slab",
            "hide_old_tab": true
        },
        {
            "name": "minecraft:polished_andesite_stairs",
            "hide_old_tab": true
        },
        {
            "name": "minecraft:polished_blackstone_brick_slab",
            "hide_old_tab": true
        },
        {
            "name": "minecraft:polished_blackstone_brick_stairs",
            "hide_old_tab": true
        },
        {
            "name": "minecraft:polished_blackstone_slab",
            "hide_old_tab": true
        },
        {
            "name": "minecraft:polished_blackstone_stairs",
            "hide_old_tab": true
        },
        {
            "name": "minecraft:polished_deepslate_slab",
            "hide_old_tab": true
        },
        {
            "name": "minecraft:polished_deepslate_stairs",
            "hide_old_tab": true
        },
        {
            "name": "minecraft:polished_diorite_slab",
            "hide_old_tab": true
        },
        {
            "name": "minecraft:polished_diorite_stairs",
            "hide_old_tab": true
        },
        {
            "name": "minecraft:polished_granite_slab",
            "hide_old_tab": true
        },
        {
            "name": "minecraft:polished_granite_stairs",
            "hide_old_tab": true
        },
        {
            "name": "minecraft:prismarine_brick_slab",
            "hide_old_tab": true
        },
        {
            "name": "minecraft:prismarine_brick_stairs",
            "hide_old_tab": true
        },
        {
            "name": "minecraft:prismarine_slab",
            "hide_old_tab": true
        },
        {
            "name": "minecraft:prismarine_stairs",
            "hide_old_tab": true
        },
        {
            "name": "minecraft:purpur_slab",
            "hide_old_tab": true
        },
        {
            "name": "minecraft:purpur_stairs",
            "hide_old_tab": true
        },
        {
            "name": "minecraft:quartz_slab",
            "hide_old_tab": true
        },
        {
            "name": "minecraft:quartz_stairs",
            "hide_old_tab": true
        },
        {
            "name": "minecraft:red_nether_brick_slab",
            "hide_old_tab": true
        },
        {
            "name": "minecraft:red_nether_brick_stairs",
            "hide_old_tab": true
        },
        {
            "name": "minecraft:red_sandstone_slab",
            "hide_old_tab": true
        },
        {
            "name": "minecraft:red_sandstone_stairs",
            "hide_old_tab": true
        },
        {
            "name": "minecraft:sandstone_slab",
            "hide_old_tab": true
        },
        {
            "name": "minecraft:sandstone_stairs",
            "hide_old_tab": true
        },
        {
            "name": "minecraft:smooth_quartz_slab",
            "hide_old_tab": true
        },
        {
            "name": "minecraft:smooth_quartz_stairs",
            "hide_old_tab": true
        },
        {
            "name": "minecraft:smooth_red_sandstone_slab",
            "hide_old_tab": true
        },
        {
            "name": "minecraft:smooth_red_sandstone_stairs",
            "hide_old_tab": true
        },
        {
            "name": "minecraft:smooth_sandstone_slab",
            "hide_old_tab": true
        },
        {
            "name": "minecraft:smooth_sandstone_stairs",
            "hide_old_tab": true
        },
        {
            "name": "minecraft:smooth_stone_slab",
            "hide_old_tab": true
        },
        {
            "name": "minecraft:spruce_slab",
            "hide_old_tab": true
        },
        {
            "name": "minecraft:spruce_stairs",
            "hide_old_tab": true
        },
        {
            "name": "minecraft:stone_brick_slab",
            "hide_old_tab": true
        },
        {
            "name": "minecraft:stone_brick_stairs",
            "hide_old_tab": true
        },
        {
            "name": "minecraft:stone_slab",
            "hide_old_tab": true
        },
        {
            "name": "minecraft:stone_stairs",
            "hide_old_tab": true
        },
        {
            "name": "minecraft:warped_slab",
            "hide_old_tab": true
        },
        {
            "name": "minecraft:warped_stairs",
            "hide_old_tab": true
        },
        {
            "name": "minecraft:waxed_cut_copper_slab",
            "hide_old_tab": true
        },
        {
            "name": "minecraft:waxed_cut_copper_stairs",
            "hide_old_tab": true
        },
        {
            "name": "minecraft:waxed_exposed_cut_copper_slab",
            "hide_old_tab": true
        },
        {
            "name": "minecraft:waxed_exposed_cut_copper_stairs",
            "hide_old_tab": true
        },
        {
            "name": "minecraft:waxed_oxidized_cut_copper_slab",
            "hide_old_tab": true
        },
        {
            "name": "minecraft:waxed_oxidized_cut_copper_stairs",
            "hide_old_tab": true
        },
        {
            "name": "minecraft:waxed_weathered_cut_copper_slab",
            "hide_old_tab": true
        },
        {
            "name": "minecraft:waxed_weathered_cut_copper_stairs",
            "hide_old_tab": true
        },
        {
            "name": "minecraft:weathered_cut_copper_slab",
            "hide_old_tab": true
        },
        {
            "name": "minecraft:weathered_cut_copper_stairs",
            "hide_old_tab": true
        },
        {
            "name": "minecraft:cobblestone_slab",
            "hide_old_tab": true
        },
        {
            "name": "minecraft:mossy_cobblestone_slab",
            "hide_old_tab": true
        },
        {
            "name": "minecraft:cobblestone_stairs",
            "hide_old_tab": true
        },
        {
            "name": "minecraft:mossy_cobblestone_stairs",
            "hide_old_tab": true
        },
        {
            "name": "framedblocks:framed_sliced_stairs_slab",
            "hide_old_tab": true
        },
        {
            "name": "framedblocks:framed_sliced_stairs_panel",
            "hide_old_tab": true
        },
        {
            "name": "framedblocks:framed_adj_double_copycat_slab",
            "hide_old_tab": true
        },
        {
            "name": "framedblocks:framed_adj_double_slab",
            "hide_old_tab": true
        },
        {
            "name": "framedblocks:framed_centered_slab",
            "hide_old_tab": true
        },
        {
            "name": "framedblocks:framed_checkered_slab",
            "hide_old_tab": true
        },
        {
            "name": "framedblocks:framed_compound_slope_slab",
            "hide_old_tab": true
        },
        {
            "name": "framedblocks:framed_divided_slab",
            "hide_old_tab": true
        },
        {
            "name": "framedblocks:framed_divided_stairs",
            "hide_old_tab": true
        },
        {
            "name": "framedblocks:framed_double_half_stairs",
            "hide_old_tab": true
        },
        {
            "name": "framedblocks:framed_double_slab",
            "hide_old_tab": true
        },
        {
            "name": "framedblocks:framed_double_slope_slab",
            "hide_old_tab": true
        },
        {
            "name": "framedblocks:framed_double_stairs",
            "hide_old_tab": true
        },
        {
            "name": "framedblocks:framed_elevated_double_slope_slab",
            "hide_old_tab": true
        },
        {
            "name": "framedblocks:framed_elevated_slope_slab",
            "hide_old_tab": true
        },
        {
            "name": "framedblocks:framed_flat_double_slope_slab_corner",
            "hide_old_tab": true
        },
        {
            "name": "framedblocks:framed_flat_elev_double_slope_slab_corner",
            "hide_old_tab": true
        },
        {
            "name": "framedblocks:framed_flat_elev_inner_double_slope_slab_corner",
            "hide_old_tab": true
        },
        {
            "name": "framedblocks:framed_flat_elev_inner_slope_slab_corner",
            "hide_old_tab": true
        },
        {
            "name": "framedblocks:framed_flat_elev_slope_slab_corner",
            "hide_old_tab": true
        },
        {
            "name": "framedblocks:framed_flat_inner_slope_slab_corner",
            "hide_old_tab": true
        },
        {
            "name": "framedblocks:framed_flat_inv_double_slope_slab_corner",
            "hide_old_tab": true
        },
        {
            "name": "framedblocks:framed_flat_slope_slab_corner",
            "hide_old_tab": true
        },
        {
            "name": "framedblocks:framed_flat_stacked_inner_slope_slab_corner",
            "hide_old_tab": true
        },
        {
            "name": "framedblocks:framed_flat_stacked_slope_slab_corner",
            "hide_old_tab": true
        },
        {
            "name": "framedblocks:framed_half_stairs",
            "hide_old_tab": true
        },
        {
            "name": "framedblocks:framed_inv_double_slope_slab",
            "hide_old_tab": true
        },
        {
            "name": "framedblocks:framed_pyramid_slab",
            "hide_old_tab": true
        },
        {
            "name": "framedblocks:framed_slab",
            "hide_old_tab": true
        },
        {
            "name": "framedblocks:framed_slab_corner",
            "hide_old_tab": true
        },
        {
            "name": "framedblocks:framed_slab_edge",
            "hide_old_tab": true
        },
        {
            "name": "framedblocks:framed_slope_slab",
            "hide_old_tab": true
        },
        {
            "name": "framedblocks:framed_sloped_stairs",
            "hide_old_tab": true
        },
        {
            "name": "framedblocks:framed_stacked_slope_slab",
            "hide_old_tab": true
        },
        {
            "name": "framedblocks:framed_stairs",
            "hide_old_tab": true
        },
        {
            "name": "framedblocks:framed_vertical_divided_stairs",
            "hide_old_tab": true
        },
        {
            "name": "framedblocks:framed_vertical_double_half_stairs",
            "hide_old_tab": true
        },
        {
            "name": "framedblocks:framed_vertical_double_stairs",
            "hide_old_tab": true
        },
        {
            "name": "framedblocks:framed_vertical_half_stairs",
            "hide_old_tab": true
        },
        {
            "name": "framedblocks:framed_vertical_sliced_stairs",
            "hide_old_tab": true
        },
        {
            "name": "framedblocks:framed_vertical_sloped_stairs",
            "hide_old_tab": true
        },
        {
            "name": "framedblocks:framed_vertical_stairs",
            "hide_old_tab": true
        },
        {
            "name": "aether:aerogel_slab",
            "hide_old_tab": true
        },
        {
            "name": "aether:aerogel_stairs",
            "hide_old_tab": true
        },
        {
            "name": "aether:angelic_slab",
            "hide_old_tab": true
        },
        {
            "name": "aether:angelic_stairs",
            "hide_old_tab": true
        },
        {
            "name": "aether:carved_slab",
            "hide_old_tab": true
        },
        {
            "name": "aether:carved_stairs",
            "hide_old_tab": true
        },
        {
            "name": "aether:hellfire_slab",
            "hide_old_tab": true
        },
        {
            "name": "aether:hellfire_stairs",
            "hide_old_tab": true
        },
        {
            "name": "aether:holystone_brick_slab",
            "hide_old_tab": true
        },
        {
            "name": "aether:holystone_brick_stairs",
            "hide_old_tab": true
        },
        {
            "name": "aether:holystone_slab",
            "hide_old_tab": true
        },
        {
            "name": "aether:holystone_stairs",
            "hide_old_tab": true
        },
        {
            "name": "aether:icestone_slab",
            "hide_old_tab": true
        },
        {
            "name": "aether:icestone_stairs",
            "hide_old_tab": true
        },
        {
            "name": "aether:mossy_holystone_slab",
            "hide_old_tab": true
        },
        {
            "name": "aether:mossy_holystone_stairs",
            "hide_old_tab": true
        },
        {
            "name": "aether:skyroot_slab",
            "hide_old_tab": true
        },
        {
            "name": "aether:skyroot_stairs",
            "hide_old_tab": true
        },
        {
            "name": "car:asphalt_slab",
            "hide_old_tab": true
        },
        {
            "name": "copycats:copycat_slab",
            "hide_old_tab": true
        },
        {
            "name": "copycats:copycat_stairs",
            "hide_old_tab": true
        },
        {
            "name": "copycats:copycat_vertical_stairs",
            "hide_old_tab": true
        },
        {
            "name": "create:copper_shingle_slab",
            "hide_old_tab": true
        },
        {
            "name": "create:copper_shingle_stairs",
            "hide_old_tab": true
        },
        {
            "name": "create:copper_tile_slab",
            "hide_old_tab": true
        },
        {
            "name": "create:copper_tile_stairs",
            "hide_old_tab": true
        },
        {
            "name": "create:cut_andesite_brick_slab",
            "hide_old_tab": true
        },
        {
            "name": "create:cut_andesite_brick_stairs",
            "hide_old_tab": true
        },
        {
            "name": "create:cut_andesite_slab",
            "hide_old_tab": true
        },
        {
            "name": "create:cut_andesite_stairs",
            "hide_old_tab": true
        },
        {
            "name": "create:cut_asurine_brick_slab",
            "hide_old_tab": true
        },
        {
            "name": "create:cut_asurine_brick_stairs",
            "hide_old_tab": true
        },
        {
            "name": "create:cut_asurine_slab",
            "hide_old_tab": true
        },
        {
            "name": "create:cut_asurine_stairs",
            "hide_old_tab": true
        },
        {
            "name": "create:cut_calcite_brick_slab",
            "hide_old_tab": true
        },
        {
            "name": "create:cut_calcite_brick_stairs",
            "hide_old_tab": true
        },
        {
            "name": "create:cut_calcite_slab",
            "hide_old_tab": true
        },
        {
            "name": "create:cut_calcite_stairs",
            "hide_old_tab": true
        },
        {
            "name": "create:cut_crimsite_brick_slab",
            "hide_old_tab": true
        },
        {
            "name": "create:cut_crimsite_brick_stairs",
            "hide_old_tab": true
        },
        {
            "name": "create:cut_crimsite_slab",
            "hide_old_tab": true
        },
        {
            "name": "create:cut_crimsite_stairs",
            "hide_old_tab": true
        },
        {
            "name": "create:cut_deepslate_brick_slab",
            "hide_old_tab": true
        },
        {
            "name": "create:cut_deepslate_brick_stairs",
            "hide_old_tab": true
        },
        {
            "name": "create:cut_deepslate_slab",
            "hide_old_tab": true
        },
        {
            "name": "create:cut_deepslate_stairs",
            "hide_old_tab": true
        },
        {
            "name": "create:cut_diorite_brick_slab",
            "hide_old_tab": true
        },
        {
            "name": "create:cut_diorite_brick_stairs",
            "hide_old_tab": true
        },
        {
            "name": "create:cut_diorite_slab",
            "hide_old_tab": true
        },
        {
            "name": "create:cut_diorite_stairs",
            "hide_old_tab": true
        },
        {
            "name": "create:cut_dripstone_brick_slab",
            "hide_old_tab": true
        },
        {
            "name": "create:cut_dripstone_brick_stairs",
            "hide_old_tab": true
        },
        {
            "name": "create:cut_dripstone_slab",
            "hide_old_tab": true
        },
        {
            "name": "create:cut_dripstone_stairs",
            "hide_old_tab": true
        },
        {
            "name": "create:cut_granite_brick_slab",
            "hide_old_tab": true
        },
        {
            "name": "create:cut_granite_brick_stairs",
            "hide_old_tab": true
        },
        {
            "name": "create:cut_granite_slab",
            "hide_old_tab": true
        },
        {
            "name": "create:cut_granite_stairs",
            "hide_old_tab": true
        },
        {
            "name": "create:cut_limestone_brick_slab",
            "hide_old_tab": true
        },
        {
            "name": "create:cut_limestone_brick_stairs",
            "hide_old_tab": true
        },
        {
            "name": "create:cut_limestone_slab",
            "hide_old_tab": true
        },
        {
            "name": "create:cut_limestone_stairs",
            "hide_old_tab": true
        },
        {
            "name": "create:cut_ochrum_brick_slab",
            "hide_old_tab": true
        },
        {
            "name": "create:cut_ochrum_brick_stairs",
            "hide_old_tab": true
        },
        {
            "name": "create:cut_ochrum_slab",
            "hide_old_tab": true
        },
        {
            "name": "create:cut_ochrum_stairs",
            "hide_old_tab": true
        },
        {
            "name": "create:cut_scorchia_brick_slab",
            "hide_old_tab": true
        },
        {
            "name": "create:cut_scorchia_brick_stairs",
            "hide_old_tab": true
        },
        {
            "name": "create:cut_scorchia_slab",
            "hide_old_tab": true
        },
        {
            "name": "create:cut_scorchia_stairs",
            "hide_old_tab": true
        },
        {
            "name": "create:cut_scoria_brick_slab",
            "hide_old_tab": true
        },
        {
            "name": "create:cut_scoria_brick_stairs",
            "hide_old_tab": true
        },
        {
            "name": "create:cut_scoria_slab",
            "hide_old_tab": true
        },
        {
            "name": "create:cut_scoria_stairs",
            "hide_old_tab": true
        },
        {
            "name": "create:cut_tuff_brick_slab",
            "hide_old_tab": true
        },
        {
            "name": "create:cut_tuff_brick_stairs",
            "hide_old_tab": true
        },
        {
            "name": "create:cut_tuff_slab",
            "hide_old_tab": true
        },
        {
            "name": "create:cut_tuff_stairs",
            "hide_old_tab": true
        },
        {
            "name": "create:cut_veridium_brick_slab",
            "hide_old_tab": true
        },
        {
            "name": "create:cut_veridium_brick_stairs",
            "hide_old_tab": true
        },
        {
            "name": "create:cut_veridium_slab",
            "hide_old_tab": true
        },
        {
            "name": "create:cut_veridium_stairs",
            "hide_old_tab": true
        },
        {
            "name": "create:exposed_copper_shingle_slab",
            "hide_old_tab": true
        },
        {
            "name": "create:exposed_copper_shingle_stairs",
            "hide_old_tab": true
        },
        {
            "name": "create:exposed_copper_tile_slab",
            "hide_old_tab": true
        },
        {
            "name": "create:exposed_copper_tile_stairs",
            "hide_old_tab": true
        },
        {
            "name": "create:oxidized_copper_shingle_slab",
            "hide_old_tab": true
        },
        {
            "name": "create:oxidized_copper_shingle_stairs",
            "hide_old_tab": true
        },
        {
            "name": "create:oxidized_copper_tile_slab",
            "hide_old_tab": true
        },
        {
            "name": "create:oxidized_copper_tile_stairs",
            "hide_old_tab": true
        },
        {
            "name": "create:polished_cut_andesite_slab",
            "hide_old_tab": true
        },
        {
            "name": "create:polished_cut_andesite_stairs",
            "hide_old_tab": true
        },
        {
            "name": "create:polished_cut_asurine_slab",
            "hide_old_tab": true
        },
        {
            "name": "create:polished_cut_asurine_stairs",
            "hide_old_tab": true
        },
        {
            "name": "create:polished_cut_calcite_slab",
            "hide_old_tab": true
        },
        {
            "name": "create:polished_cut_calcite_stairs",
            "hide_old_tab": true
        },
        {
            "name": "create:polished_cut_crimsite_slab",
            "hide_old_tab": true
        },
        {
            "name": "create:polished_cut_crimsite_stairs",
            "hide_old_tab": true
        },
        {
            "name": "create:polished_cut_deepslate_slab",
            "hide_old_tab": true
        },
        {
            "name": "create:polished_cut_deepslate_stairs",
            "hide_old_tab": true
        },
        {
            "name": "create:polished_cut_diorite_slab",
            "hide_old_tab": true
        },
        {
            "name": "create:polished_cut_diorite_stairs",
            "hide_old_tab": true
        },
        {
            "name": "create:polished_cut_dripstone_slab",
            "hide_old_tab": true
        },
        {
            "name": "create:polished_cut_dripstone_stairs",
            "hide_old_tab": true
        },
        {
            "name": "create:polished_cut_granite_slab",
            "hide_old_tab": true
        },
        {
            "name": "create:polished_cut_granite_stairs",
            "hide_old_tab": true
        },
        {
            "name": "create:polished_cut_limestone_slab",
            "hide_old_tab": true
        },
        {
            "name": "create:polished_cut_limestone_stairs",
            "hide_old_tab": true
        },
        {
            "name": "create:polished_cut_ochrum_slab",
            "hide_old_tab": true
        },
        {
            "name": "create:polished_cut_ochrum_stairs",
            "hide_old_tab": true
        },
        {
            "name": "create:polished_cut_scorchia_slab",
            "hide_old_tab": true
        },
        {
            "name": "create:polished_cut_scorchia_stairs",
            "hide_old_tab": true
        },
        {
            "name": "create:polished_cut_scoria_slab",
            "hide_old_tab": true
        },
        {
            "name": "create:polished_cut_scoria_stairs",
            "hide_old_tab": true
        },
        {
            "name": "create:polished_cut_tuff_slab",
            "hide_old_tab": true
        },
        {
            "name": "create:polished_cut_tuff_stairs",
            "hide_old_tab": true
        },
        {
            "name": "create:polished_cut_veridium_slab",
            "hide_old_tab": true
        },
        {
            "name": "create:polished_cut_veridium_stairs",
            "hide_old_tab": true
        },
        {
            "name": "create:small_andesite_brick_slab",
            "hide_old_tab": true
        },
        {
            "name": "create:small_andesite_brick_stairs",
            "hide_old_tab": true
        },
        {
            "name": "create:small_asurine_brick_slab",
            "hide_old_tab": true
        },
        {
            "name": "create:small_asurine_brick_stairs",
            "hide_old_tab": true
        },
        {
            "name": "create:small_calcite_brick_slab",
            "hide_old_tab": true
        },
        {
            "name": "create:small_calcite_brick_stairs",
            "hide_old_tab": true
        },
        {
            "name": "create:small_crimsite_brick_slab",
            "hide_old_tab": true
        },
        {
            "name": "create:small_crimsite_brick_stairs",
            "hide_old_tab": true
        },
        {
            "name": "create:small_deepslate_brick_slab",
            "hide_old_tab": true
        },
        {
            "name": "create:small_deepslate_brick_stairs",
            "hide_old_tab": true
        },
        {
            "name": "create:small_diorite_brick_slab",
            "hide_old_tab": true
        },
        {
            "name": "create:small_diorite_brick_stairs",
            "hide_old_tab": true
        },
        {
            "name": "create:small_dripstone_brick_slab",
            "hide_old_tab": true
        },
        {
            "name": "create:small_dripstone_brick_stairs",
            "hide_old_tab": true
        },
        {
            "name": "create:small_granite_brick_slab",
            "hide_old_tab": true
        },
        {
            "name": "create:small_granite_brick_stairs",
            "hide_old_tab": true
        },
        {
            "name": "create:small_limestone_brick_slab",
            "hide_old_tab": true
        },
        {
            "name": "create:small_limestone_brick_stairs",
            "hide_old_tab": true
        },
        {
            "name": "create:small_ochrum_brick_slab",
            "hide_old_tab": true
        },
        {
            "name": "create:small_ochrum_brick_stairs",
            "hide_old_tab": true
        },
        {
            "name": "create:small_scorchia_brick_slab",
            "hide_old_tab": true
        },
        {
            "name": "create:small_scorchia_brick_stairs",
            "hide_old_tab": true
        },
        {
            "name": "create:small_scoria_brick_slab",
            "hide_old_tab": true
        },
        {
            "name": "create:small_scoria_brick_stairs",
            "hide_old_tab": true
        },
        {
            "name": "create:small_tuff_brick_slab",
            "hide_old_tab": true
        },
        {
            "name": "create:small_tuff_brick_stairs",
            "hide_old_tab": true
        },
        {
            "name": "create:small_veridium_brick_slab",
            "hide_old_tab": true
        },
        {
            "name": "create:small_veridium_brick_stairs",
            "hide_old_tab": true
        },
        {
            "name": "create:waxed_copper_shingle_slab",
            "hide_old_tab": true
        },
        {
            "name": "create:waxed_copper_shingle_stairs",
            "hide_old_tab": true
        },
        {
            "name": "create:waxed_copper_tile_slab",
            "hide_old_tab": true
        },
        {
            "name": "create:waxed_copper_tile_stairs",
            "hide_old_tab": true
        },
        {
            "name": "create:waxed_exposed_copper_shingle_slab",
            "hide_old_tab": true
        },
        {
            "name": "create:waxed_exposed_copper_shingle_stairs",
            "hide_old_tab": true
        },
        {
            "name": "create:waxed_exposed_copper_tile_slab",
            "hide_old_tab": true
        },
        {
            "name": "create:waxed_exposed_copper_tile_stairs",
            "hide_old_tab": true
        },
        {
            "name": "create:waxed_oxidized_copper_shingle_slab",
            "hide_old_tab": true
        },
        {
            "name": "create:waxed_oxidized_copper_shingle_stairs",
            "hide_old_tab": true
        },
        {
            "name": "create:waxed_oxidized_copper_tile_slab",
            "hide_old_tab": true
        },
        {
            "name": "create:waxed_oxidized_copper_tile_stairs",
            "hide_old_tab": true
        },
        {
            "name": "create:waxed_weathered_copper_shingle_slab",
            "hide_old_tab": true
        },
        {
            "name": "create:waxed_weathered_copper_shingle_stairs",
            "hide_old_tab": true
        },
        {
            "name": "create:waxed_weathered_copper_tile_slab",
            "hide_old_tab": true
        },
        {
            "name": "create:waxed_weathered_copper_tile_stairs",
            "hide_old_tab": true
        },
        {
            "name": "create:weathered_copper_shingle_slab",
            "hide_old_tab": true
        },
        {
            "name": "create:weathered_copper_shingle_stairs",
            "hide_old_tab": true
        },
        {
            "name": "create:weathered_copper_tile_slab",
            "hide_old_tab": true
        },
        {
            "name": "create:weathered_copper_tile_stairs",
            "hide_old_tab": true
        },
        {
            "name": "createdeco:andesite_catwalk_stairs",
            "hide_old_tab": true
        },
        {
            "name": "createdeco:blue_brick_slab",
            "hide_old_tab": true
        },
        {
            "name": "createdeco:blue_brick_stairs",
            "hide_old_tab": true
        },
        {
            "name": "createdeco:brass_catwalk_stairs",
            "hide_old_tab": true
        },
        {
            "name": "createdeco:copper_catwalk_stairs",
            "hide_old_tab": true
        },
        {
            "name": "createdeco:corner_blue_brick_slab",
            "hide_old_tab": true
        },
        {
            "name": "createdeco:corner_blue_brick_stairs",
            "hide_old_tab": true
        },
        {
            "name": "createdeco:corner_dean_brick_slab",
            "hide_old_tab": true
        },
        {
            "name": "createdeco:corner_dean_brick_stairs",
            "hide_old_tab": true
        },
        {
            "name": "createdeco:corner_dusk_brick_slab",
            "hide_old_tab": true
        },
        {
            "name": "createdeco:corner_dusk_brick_stairs",
            "hide_old_tab": true
        },
        {
            "name": "createdeco:corner_pearl_brick_slab",
            "hide_old_tab": true
        },
        {
            "name": "createdeco:corner_pearl_brick_stairs",
            "hide_old_tab": true
        },
        {
            "name": "createdeco:corner_red_brick_slab",
            "hide_old_tab": true
        },
        {
            "name": "createdeco:corner_red_brick_stairs",
            "hide_old_tab": true
        },
        {
            "name": "createdeco:corner_scarlet_brick_slab",
            "hide_old_tab": true
        },
        {
            "name": "createdeco:corner_scarlet_brick_stairs",
            "hide_old_tab": true
        },
        {
            "name": "createdeco:corner_umber_brick_slab",
            "hide_old_tab": true
        },
        {
            "name": "createdeco:corner_umber_brick_stairs",
            "hide_old_tab": true
        },
        {
            "name": "createdeco:corner_verdant_brick_slab",
            "hide_old_tab": true
        },
        {
            "name": "createdeco:corner_verdant_brick_stairs",
            "hide_old_tab": true
        },
        {
            "name": "createdeco:cracked_blue_brick_slab",
            "hide_old_tab": true
        },
        {
            "name": "createdeco:cracked_blue_brick_stairs",
            "hide_old_tab": true
        },
        {
            "name": "createdeco:cracked_dean_brick_slab",
            "hide_old_tab": true
        },
        {
            "name": "createdeco:cracked_dean_brick_stairs",
            "hide_old_tab": true
        },
        {
            "name": "createdeco:cracked_dusk_brick_slab",
            "hide_old_tab": true
        },
        {
            "name": "createdeco:cracked_dusk_brick_stairs",
            "hide_old_tab": true
        },
        {
            "name": "createdeco:cracked_pearl_brick_slab",
            "hide_old_tab": true
        },
        {
            "name": "createdeco:cracked_pearl_brick_stairs",
            "hide_old_tab": true
        },
        {
            "name": "createdeco:cracked_red_brick_slab",
            "hide_old_tab": true
        },
        {
            "name": "createdeco:cracked_red_brick_stairs",
            "hide_old_tab": true
        },
        {
            "name": "createdeco:cracked_scarlet_brick_slab",
            "hide_old_tab": true
        },
        {
            "name": "createdeco:cracked_scarlet_brick_stairs",
            "hide_old_tab": true
        },
        {
            "name": "createdeco:cracked_umber_brick_slab",
            "hide_old_tab": true
        },
        {
            "name": "createdeco:cracked_umber_brick_stairs",
            "hide_old_tab": true
        },
        {
            "name": "createdeco:cracked_verdant_brick_slab",
            "hide_old_tab": true
        },
        {
            "name": "createdeco:cracked_verdant_brick_stairs",
            "hide_old_tab": true
        },
        {
            "name": "createdeco:dean_brick_slab",
            "hide_old_tab": true
        },
        {
            "name": "createdeco:dean_brick_stairs",
            "hide_old_tab": true
        },
        {
            "name": "createdeco:dusk_brick_slab",
            "hide_old_tab": true
        },
        {
            "name": "createdeco:dusk_brick_stairs",
            "hide_old_tab": true
        },
        {
            "name": "createdeco:industrial_iron_catwalk_stairs",
            "hide_old_tab": true
        },
        {
            "name": "createdeco:iron_catwalk_stairs",
            "hide_old_tab": true
        },
        {
            "name": "createdeco:long_blue_brick_slab",
            "hide_old_tab": true
        },
        {
            "name": "createdeco:long_blue_brick_stairs",
            "hide_old_tab": true
        },
        {
            "name": "createdeco:long_dean_brick_slab",
            "hide_old_tab": true
        },
        {
            "name": "createdeco:long_dean_brick_stairs",
            "hide_old_tab": true
        },
        {
            "name": "createdeco:long_dusk_brick_slab",
            "hide_old_tab": true
        },
        {
            "name": "createdeco:long_dusk_brick_stairs",
            "hide_old_tab": true
        },
        {
            "name": "createdeco:long_pearl_brick_slab",
            "hide_old_tab": true
        },
        {
            "name": "createdeco:long_pearl_brick_stairs",
            "hide_old_tab": true
        },
        {
            "name": "createdeco:long_red_brick_slab",
            "hide_old_tab": true
        },
        {
            "name": "createdeco:long_red_brick_stairs",
            "hide_old_tab": true
        },
        {
            "name": "createdeco:long_scarlet_brick_slab",
            "hide_old_tab": true
        },
        {
            "name": "createdeco:long_scarlet_brick_stairs",
            "hide_old_tab": true
        },
        {
            "name": "createdeco:long_umber_brick_slab",
            "hide_old_tab": true
        },
        {
            "name": "createdeco:long_umber_brick_stairs",
            "hide_old_tab": true
        },
        {
            "name": "createdeco:long_verdant_brick_slab",
            "hide_old_tab": true
        },
        {
            "name": "createdeco:long_verdant_brick_stairs",
            "hide_old_tab": true
        },
        {
            "name": "createdeco:mossy_blue_brick_slab",
            "hide_old_tab": true
        },
        {
            "name": "createdeco:mossy_blue_brick_stairs",
            "hide_old_tab": true
        },
        {
            "name": "createdeco:mossy_dean_brick_slab",
            "hide_old_tab": true
        },
        {
            "name": "createdeco:mossy_dean_brick_stairs",
            "hide_old_tab": true
        },
        {
            "name": "createdeco:mossy_dusk_brick_slab",
            "hide_old_tab": true
        },
        {
            "name": "createdeco:mossy_dusk_brick_stairs",
            "hide_old_tab": true
        },
        {
            "name": "createdeco:mossy_pearl_brick_slab",
            "hide_old_tab": true
        },
        {
            "name": "createdeco:mossy_pearl_brick_stairs",
            "hide_old_tab": true
        },
        {
            "name": "createdeco:mossy_red_brick_slab",
            "hide_old_tab": true
        },
        {
            "name": "createdeco:mossy_red_brick_stairs",
            "hide_old_tab": true
        },
        {
            "name": "createdeco:mossy_scarlet_brick_slab",
            "hide_old_tab": true
        },
        {
            "name": "createdeco:mossy_scarlet_brick_stairs",
            "hide_old_tab": true
        },
        {
            "name": "createdeco:mossy_umber_brick_slab",
            "hide_old_tab": true
        },
        {
            "name": "createdeco:mossy_umber_brick_stairs",
            "hide_old_tab": true
        },
        {
            "name": "createdeco:mossy_verdant_brick_slab",
            "hide_old_tab": true
        },
        {
            "name": "createdeco:mossy_verdant_brick_stairs",
            "hide_old_tab": true
        },
        {
            "name": "createdeco:pearl_brick_slab",
            "hide_old_tab": true
        },
        {
            "name": "createdeco:pearl_brick_stairs",
            "hide_old_tab": true
        },
        {
            "name": "createdeco:scarlet_brick_slab",
            "hide_old_tab": true
        },
        {
            "name": "createdeco:scarlet_brick_stairs",
            "hide_old_tab": true
        },
        {
            "name": "createdeco:short_blue_brick_slab",
            "hide_old_tab": true
        },
        {
            "name": "createdeco:short_blue_brick_stairs",
            "hide_old_tab": true
        },
        {
            "name": "createdeco:short_dean_brick_slab",
            "hide_old_tab": true
        },
        {
            "name": "createdeco:short_dean_brick_stairs",
            "hide_old_tab": true
        },
        {
            "name": "createdeco:short_dusk_brick_slab",
            "hide_old_tab": true
        },
        {
            "name": "createdeco:short_dusk_brick_stairs",
            "hide_old_tab": true
        },
        {
            "name": "createdeco:short_pearl_brick_slab",
            "hide_old_tab": true
        },
        {
            "name": "createdeco:short_pearl_brick_stairs",
            "hide_old_tab": true
        },
        {
            "name": "createdeco:short_red_brick_slab",
            "hide_old_tab": true
        },
        {
            "name": "createdeco:short_red_brick_stairs",
            "hide_old_tab": true
        },
        {
            "name": "createdeco:short_scarlet_brick_slab",
            "hide_old_tab": true
        },
        {
            "name": "createdeco:short_scarlet_brick_stairs",
            "hide_old_tab": true
        },
        {
            "name": "createdeco:short_umber_brick_slab",
            "hide_old_tab": true
        },
        {
            "name": "createdeco:short_umber_brick_stairs",
            "hide_old_tab": true
        },
        {
            "name": "createdeco:short_verdant_brick_slab",
            "hide_old_tab": true
        },
        {
            "name": "createdeco:short_verdant_brick_stairs",
            "hide_old_tab": true
        },
        {
            "name": "createdeco:tiled_blue_brick_slab",
            "hide_old_tab": true
        },
        {
            "name": "createdeco:tiled_blue_brick_stairs",
            "hide_old_tab": true
        },
        {
            "name": "createdeco:tiled_dean_brick_slab",
            "hide_old_tab": true
        },
        {
            "name": "createdeco:tiled_dean_brick_stairs",
            "hide_old_tab": true
        },
        {
            "name": "createdeco:tiled_dusk_brick_slab",
            "hide_old_tab": true
        },
        {
            "name": "createdeco:tiled_dusk_brick_stairs",
            "hide_old_tab": true
        },
        {
            "name": "createdeco:tiled_pearl_brick_slab",
            "hide_old_tab": true
        },
        {
            "name": "createdeco:tiled_pearl_brick_stairs",
            "hide_old_tab": true
        },
        {
            "name": "createdeco:tiled_red_brick_slab",
            "hide_old_tab": true
        },
        {
            "name": "createdeco:tiled_red_brick_stairs",
            "hide_old_tab": true
        },
        {
            "name": "createdeco:tiled_scarlet_brick_slab",
            "hide_old_tab": true
        },
        {
            "name": "createdeco:tiled_scarlet_brick_stairs",
            "hide_old_tab": true
        },
        {
            "name": "createdeco:tiled_umber_brick_slab",
            "hide_old_tab": true
        },
        {
            "name": "createdeco:tiled_umber_brick_stairs",
            "hide_old_tab": true
        },
        {
            "name": "createdeco:tiled_verdant_brick_slab",
            "hide_old_tab": true
        },
        {
            "name": "createdeco:tiled_verdant_brick_stairs",
            "hide_old_tab": true
        },
        {
            "name": "createdeco:umber_brick_slab",
            "hide_old_tab": true
        },
        {
            "name": "createdeco:umber_brick_stairs",
            "hide_old_tab": true
        },
        {
            "name": "createdeco:verdant_brick_slab",
            "hide_old_tab": true
        },
        {
            "name": "createdeco:verdant_brick_stairs",
            "hide_old_tab": true
        },
        {
            "name": "createdeco:zinc_catwalk_stairs",
            "hide_old_tab": true
        },
        {
            "name": "createrailwaysnavigator:advanced_display_slab",
            "hide_old_tab": true
        },
        {
            "name": "dawnoftimebuilder:acacia_support_slab",
            "hide_old_tab": true
        },
        {
            "name": "dawnoftimebuilder:bamboo_support_slab",
            "hide_old_tab": true
        },
        {
            "name": "dawnoftimebuilder:birch_support_slab",
            "hide_old_tab": true
        },
        {
            "name": "dawnoftimebuilder:charred_spruce_foundation_slab",
            "hide_old_tab": true
        },
        {
            "name": "dawnoftimebuilder:charred_spruce_planks_slab",
            "hide_old_tab": true
        },
        {
            "name": "dawnoftimebuilder:charred_spruce_planks_stairs",
            "hide_old_tab": true
        },
        {
            "name": "dawnoftimebuilder:charred_spruce_support_slab",
            "hide_old_tab": true
        },
        {
            "name": "dawnoftimebuilder:cherry_support_slab",
            "hide_old_tab": true
        },
        {
            "name": "dawnoftimebuilder:crimson_support_slab",
            "hide_old_tab": true
        },
        {
            "name": "dawnoftimebuilder:cut_sandstone_stairs",
            "hide_old_tab": true
        },
        {
            "name": "dawnoftimebuilder:dark_oak_support_slab",
            "hide_old_tab": true
        },
        {
            "name": "dawnoftimebuilder:flat_roof_tiles_slab",
            "hide_old_tab": true
        },
        {
            "name": "dawnoftimebuilder:flat_roof_tiles_stairs",
            "hide_old_tab": true
        },
        {
            "name": "dawnoftimebuilder:gold_plated_smooth_slab",
            "hide_old_tab": true
        },
        {
            "name": "dawnoftimebuilder:gold_plated_smooth_stairs",
            "hide_old_tab": true
        },
        {
            "name": "dawnoftimebuilder:gray_roof_tiles_slab",
            "hide_old_tab": true
        },
        {
            "name": "dawnoftimebuilder:gray_roof_tiles_stairs",
            "hide_old_tab": true
        },
        {
            "name": "dawnoftimebuilder:jungle_support_slab",
            "hide_old_tab": true
        },
        {
            "name": "dawnoftimebuilder:limestone_bricks_slab",
            "hide_old_tab": true
        },
        {
            "name": "dawnoftimebuilder:limestone_bricks_stairs",
            "hide_old_tab": true
        },
        {
            "name": "dawnoftimebuilder:mangrove_support_slab",
            "hide_old_tab": true
        },
        {
            "name": "dawnoftimebuilder:marble_coffer_slab",
            "hide_old_tab": true
        },
        {
            "name": "dawnoftimebuilder:oak_support_slab",
            "hide_old_tab": true
        },
        {
            "name": "dawnoftimebuilder:ochre_roof_tiles_slab",
            "hide_old_tab": true
        },
        {
            "name": "dawnoftimebuilder:ochre_roof_tiles_stairs",
            "hide_old_tab": true
        },
        {
            "name": "dawnoftimebuilder:plastered_stone_slab",
            "hide_old_tab": true
        },
        {
            "name": "dawnoftimebuilder:plastered_stone_stairs",
            "hide_old_tab": true
        },
        {
            "name": "dawnoftimebuilder:red_plastered_stone_slab",
            "hide_old_tab": true
        },
        {
            "name": "dawnoftimebuilder:red_plastered_stone_stairs",
            "hide_old_tab": true
        },
        {
            "name": "dawnoftimebuilder:roofing_slates_slab",
            "hide_old_tab": true
        },
        {
            "name": "dawnoftimebuilder:roofing_slates_stairs",
            "hide_old_tab": true
        },
        {
            "name": "dawnoftimebuilder:sandstone_bricks_slab",
            "hide_old_tab": true
        },
        {
            "name": "dawnoftimebuilder:sandstone_bricks_stairs",
            "hide_old_tab": true
        },
        {
            "name": "dawnoftimebuilder:sandstone_bricks_turquoise_pattern_slab",
            "hide_old_tab": true
        },
        {
            "name": "dawnoftimebuilder:sandstone_bricks_turquoise_pattern_stairs",
            "hide_old_tab": true
        },
        {
            "name": "dawnoftimebuilder:spruce_support_slab",
            "hide_old_tab": true
        },
        {
            "name": "dawnoftimebuilder:stepping_stones_slab",
            "hide_old_tab": true
        },
        {
            "name": "dawnoftimebuilder:stone_bricks_masonry_slab",
            "hide_old_tab": true
        },
        {
            "name": "dawnoftimebuilder:stone_bricks_masonry_stairs",
            "hide_old_tab": true
        },
        {
            "name": "dawnoftimebuilder:thatch_bamboo_slab",
            "hide_old_tab": true
        },
        {
            "name": "dawnoftimebuilder:thatch_bamboo_stairs",
            "hide_old_tab": true
        },
        {
            "name": "dawnoftimebuilder:thatch_wheat_slab",
            "hide_old_tab": true
        },
        {
            "name": "dawnoftimebuilder:thatch_wheat_stairs",
            "hide_old_tab": true
        },
        {
            "name": "dawnoftimebuilder:warped_support_slab",
            "hide_old_tab": true
        },
        {
            "name": "dawnoftimebuilder:waxed_oak_planks_slab",
            "hide_old_tab": true
        },
        {
            "name": "dawnoftimebuilder:waxed_oak_planks_stairs",
            "hide_old_tab": true
        },
        {
            "name": "dawnoftimebuilder:waxed_oak_support_slab",
            "hide_old_tab": true
        },
        {
            "name": "",
            "hide_old_tab": true
        },
        {
            "name": "grassoverhaul:crimson_nylium_sod_slab",
            "hide_old_tab": true
        },
        {
            "name": "grassoverhaul:crimson_nylium_sod_stairs",
            "hide_old_tab": true
        },
        {
            "name": "grassoverhaul:dirt_sod_slab",
            "hide_old_tab": true
        },
        {
            "name": "grassoverhaul:dirt_sod_stairs",
            "hide_old_tab": true
        },
        {
            "name": "grassoverhaul:grass_sod_slab",
            "hide_old_tab": true
        },
        {
            "name": "grassoverhaul:grass_sod_stairs",
            "hide_old_tab": true
        },
        {
            "name": "grassoverhaul:mycelium_sod_slab",
            "hide_old_tab": true
        },
        {
            "name": "grassoverhaul:mycelium_sod_stairs",
            "hide_old_tab": true
        },
        {
            "name": "grassoverhaul:path_sod_slab",
            "hide_old_tab": true
        },
        {
            "name": "grassoverhaul:path_sod_stairs",
            "hide_old_tab": true
        },
        {
            "name": "grassoverhaul:podzol_sod_slab",
            "hide_old_tab": true
        },
        {
            "name": "grassoverhaul:podzol_sod_stairs",
            "hide_old_tab": true
        },
        {
            "name": "grassoverhaul:warped_nylium_sod_slab",
            "hide_old_tab": true
        },
        {
            "name": "grassoverhaul:warped_nylium_sod_stairs",
            "hide_old_tab": true
        },
        {
            "name": "naturalist:cut_shellstone_slab",
            "hide_old_tab": true
        },
        {
            "name": "naturalist:cut_shellstone_stairs",
            "hide_old_tab": true
        },
        {
            "name": "naturalist:shellstone_brick_slab",
            "hide_old_tab": true
        },
        {
            "name": "naturalist:shellstone_brick_stairs",
            "hide_old_tab": true
        },
        {
            "name": "naturalist:shellstone_slab",
            "hide_old_tab": true
        },
        {
            "name": "naturalist:shellstone_stairs",
            "hide_old_tab": true
        },
        {
            "name": "naturalist:smooth_shellstone_slab",
            "hide_old_tab": true
        },
        {
            "name": "naturalist:smooth_shellstone_stairs",
            "hide_old_tab": true
        },
        {
            "name": "rats:marbled_cheese_brick_cracked_slab",
            "hide_old_tab": true
        },
        {
            "name": "rats:marbled_cheese_brick_cracked_stairs",
            "hide_old_tab": true
        },
        {
            "name": "rats:marbled_cheese_brick_mossy_slab",
            "hide_old_tab": true
        },
        {
            "name": "rats:marbled_cheese_brick_mossy_stairs",
            "hide_old_tab": true
        },
        {
            "name": "rats:marbled_cheese_brick_slab",
            "hide_old_tab": true
        },
        {
            "name": "rats:marbled_cheese_brick_stairs",
            "hide_old_tab": true
        },
        {
            "name": "rats:marbled_cheese_slab",
            "hide_old_tab": true
        },
        {
            "name": "rats:marbled_cheese_stairs",
            "hide_old_tab": true
        },
        {
            "name": "rats:pirat_slab",
            "hide_old_tab": true
        },
        {
            "name": "rats:pirat_stairs",
            "hide_old_tab": true
        },
        {
            "name": "regions_unexplored:alpha_slab",
            "hide_old_tab": true
        },
        {
            "name": "regions_unexplored:alpha_stairs",
            "hide_old_tab": true
        },
        {
            "name": "regions_unexplored:baobab_slab",
            "hide_old_tab": true
        },
        {
            "name": "regions_unexplored:baobab_stairs",
            "hide_old_tab": true
        },
        {
            "name": "regions_unexplored:black_painted_slab",
            "hide_old_tab": true
        },
        {
            "name": "regions_unexplored:black_painted_stairs",
            "hide_old_tab": true
        },
        {
            "name": "regions_unexplored:blackwood_slab",
            "hide_old_tab": true
        },
        {
            "name": "regions_unexplored:blackwood_stairs",
            "hide_old_tab": true
        },
        {
            "name": "regions_unexplored:blue_bioshroom_slab",
            "hide_old_tab": true
        },
        {
            "name": "regions_unexplored:blue_bioshroom_stairs",
            "hide_old_tab": true
        },
        {
            "name": "regions_unexplored:blue_painted_slab",
            "hide_old_tab": true
        },
        {
            "name": "regions_unexplored:blue_painted_stairs",
            "hide_old_tab": true
        },
        {
            "name": "regions_unexplored:brimwood_slab",
            "hide_old_tab": true
        },
        {
            "name": "regions_unexplored:brimwood_stairs",
            "hide_old_tab": true
        },
        {
            "name": "regions_unexplored:brown_painted_slab",
            "hide_old_tab": true
        },
        {
            "name": "regions_unexplored:brown_painted_stairs",
            "hide_old_tab": true
        },
        {
            "name": "regions_unexplored:chalk_brick_slab",
            "hide_old_tab": true
        },
        {
            "name": "regions_unexplored:chalk_brick_stairs",
            "hide_old_tab": true
        },
        {
            "name": "regions_unexplored:chalk_slab",
            "hide_old_tab": true
        },
        {
            "name": "regions_unexplored:chalk_stairs",
            "hide_old_tab": true
        },
        {
            "name": "regions_unexplored:cobalt_slab",
            "hide_old_tab": true
        },
        {
            "name": "regions_unexplored:cobalt_stairs",
            "hide_old_tab": true
        },
        {
            "name": "regions_unexplored:cyan_painted_slab",
            "hide_old_tab": true
        },
        {
            "name": "regions_unexplored:cyan_painted_stairs",
            "hide_old_tab": true
        },
        {
            "name": "regions_unexplored:cypress_slab",
            "hide_old_tab": true
        },
        {
            "name": "regions_unexplored:cypress_stairs",
            "hide_old_tab": true
        },
        {
            "name": "regions_unexplored:dead_slab",
            "hide_old_tab": true
        },
        {
            "name": "regions_unexplored:dead_stairs",
            "hide_old_tab": true
        },
        {
            "name": "regions_unexplored:eucalyptus_slab",
            "hide_old_tab": true
        },
        {
            "name": "regions_unexplored:eucalyptus_stairs",
            "hide_old_tab": true
        },
        {
            "name": "regions_unexplored:gray_painted_slab",
            "hide_old_tab": true
        },
        {
            "name": "regions_unexplored:gray_painted_stairs",
            "hide_old_tab": true
        },
        {
            "name": "regions_unexplored:green_bioshroom_slab",
            "hide_old_tab": true
        },
        {
            "name": "regions_unexplored:green_bioshroom_stairs",
            "hide_old_tab": true
        },
        {
            "name": "regions_unexplored:green_painted_slab",
            "hide_old_tab": true
        },
        {
            "name": "regions_unexplored:green_painted_stairs",
            "hide_old_tab": true
        },
        {
            "name": "regions_unexplored:joshua_slab",
            "hide_old_tab": true
        },
        {
            "name": "regions_unexplored:joshua_stairs",
            "hide_old_tab": true
        },
        {
            "name": "regions_unexplored:kapok_slab",
            "hide_old_tab": true
        },
        {
            "name": "regions_unexplored:kapok_stairs",
            "hide_old_tab": true
        },
        {
            "name": "regions_unexplored:larch_slab",
            "hide_old_tab": true
        },
        {
            "name": "regions_unexplored:larch_stairs",
            "hide_old_tab": true
        },
        {
            "name": "regions_unexplored:light_blue_painted_slab",
            "hide_old_tab": true
        },
        {
            "name": "regions_unexplored:light_blue_painted_stairs",
            "hide_old_tab": true
        },
        {
            "name": "regions_unexplored:light_gray_painted_slab",
            "hide_old_tab": true
        },
        {
            "name": "regions_unexplored:light_gray_painted_stairs",
            "hide_old_tab": true
        },
        {
            "name": "regions_unexplored:lime_painted_slab",
            "hide_old_tab": true
        },
        {
            "name": "regions_unexplored:lime_painted_stairs",
            "hide_old_tab": true
        },
        {
            "name": "regions_unexplored:magenta_painted_slab",
            "hide_old_tab": true
        },
        {
            "name": "regions_unexplored:magenta_painted_stairs",
            "hide_old_tab": true
        },
        {
            "name": "regions_unexplored:magnolia_slab",
            "hide_old_tab": true
        },
        {
            "name": "regions_unexplored:magnolia_stairs",
            "hide_old_tab": true
        },
        {
            "name": "regions_unexplored:maple_slab",
            "hide_old_tab": true
        },
        {
            "name": "regions_unexplored:maple_stairs",
            "hide_old_tab": true
        },
        {
            "name": "regions_unexplored:mauve_slab",
            "hide_old_tab": true
        },
        {
            "name": "regions_unexplored:mauve_stairs",
            "hide_old_tab": true
        },
        {
            "name": "regions_unexplored:orange_painted_slab",
            "hide_old_tab": true
        },
        {
            "name": "regions_unexplored:orange_painted_stairs",
            "hide_old_tab": true
        },
        {
            "name": "regions_unexplored:palm_slab",
            "hide_old_tab": true
        },
        {
            "name": "regions_unexplored:palm_stairs",
            "hide_old_tab": true
        },
        {
            "name": "regions_unexplored:pine_slab",
            "hide_old_tab": true
        },
        {
            "name": "regions_unexplored:pine_stairs",
            "hide_old_tab": true
        },
        {
            "name": "regions_unexplored:pink_bioshroom_slab",
            "hide_old_tab": true
        },
        {
            "name": "regions_unexplored:pink_bioshroom_stairs",
            "hide_old_tab": true
        },
        {
            "name": "regions_unexplored:pink_painted_slab",
            "hide_old_tab": true
        },
        {
            "name": "regions_unexplored:pink_painted_stairs",
            "hide_old_tab": true
        },
        {
            "name": "regions_unexplored:polished_chalk_slab",
            "hide_old_tab": true
        },
        {
            "name": "regions_unexplored:polished_chalk_stairs",
            "hide_old_tab": true
        },
        {
            "name": "regions_unexplored:purple_painted_slab",
            "hide_old_tab": true
        },
        {
            "name": "regions_unexplored:purple_painted_stairs",
            "hide_old_tab": true
        },
        {
            "name": "regions_unexplored:red_painted_slab",
            "hide_old_tab": true
        },
        {
            "name": "regions_unexplored:red_painted_stairs",
            "hide_old_tab": true
        },
        {
            "name": "regions_unexplored:redwood_slab",
            "hide_old_tab": true
        },
        {
            "name": "regions_unexplored:redwood_stairs",
            "hide_old_tab": true
        },
        {
            "name": "regions_unexplored:socotra_slab",
            "hide_old_tab": true
        },
        {
            "name": "regions_unexplored:socotra_stairs",
            "hide_old_tab": true
        },
        {
            "name": "regions_unexplored:white_painted_slab",
            "hide_old_tab": true
        },
        {
            "name": "regions_unexplored:white_painted_stairs",
            "hide_old_tab": true
        },
        {
            "name": "regions_unexplored:willow_slab",
            "hide_old_tab": true
        },
        {
            "name": "regions_unexplored:willow_stairs",
            "hide_old_tab": true
        },
        {
            "name": "regions_unexplored:yellow_bioshroom_slab",
            "hide_old_tab": true
        },
        {
            "name": "regions_unexplored:yellow_bioshroom_stairs",
            "hide_old_tab": true
        },
        {
            "name": "regions_unexplored:yellow_painted_slab",
            "hide_old_tab": true
        },
        {
            "name": "regions_unexplored:yellow_painted_stairs",
            "hide_old_tab": true
        },
        {
            "name": "supplementaries:ash_bricks_slab",
            "hide_old_tab": true
        },
        {
            "name": "supplementaries:ash_bricks_stairs",
            "hide_old_tab": true
        },
        {
            "name": "supplementaries:blackstone_tile_slab",
            "hide_old_tab": true
        },
        {
            "name": "supplementaries:blackstone_tile_stairs",
            "hide_old_tab": true
        },
        {
            "name": "supplementaries:checker_slab",
            "hide_old_tab": true
        },
        {
            "name": "supplementaries:fine_wood_slab",
            "hide_old_tab": true
        },
        {
            "name": "supplementaries:fine_wood_stairs",
            "hide_old_tab": true
        },
        {
            "name": "supplementaries:lapis_bricks_slab",
            "hide_old_tab": true
        },
        {
            "name": "supplementaries:lapis_bricks_stairs",
            "hide_old_tab": true
        },
        {
            "name": "supplementaries:stone_tile_slab",
            "hide_old_tab": true
        },
        {
            "name": "supplementaries:stone_tile_stairs",
            "hide_old_tab": true
        },
        {
            "name": "valhelsia_structures:lapidified_jungle_slab",
            "hide_old_tab": true
        },
        {
            "name": "valhelsia_structures:lapidified_jungle_stairs",
            "hide_old_tab": true
        },
        {
            "name": "vinery:coarse_dirt_slab",
            "hide_old_tab": true
        },
        {
            "name": "vinery:dark_cherry_slab",
            "hide_old_tab": true
        },
        {
            "name": "vinery:dark_cherry_stairs",
            "hide_old_tab": true
        },
        {
            "name": "vinery:dirt_path_slab",
            "hide_old_tab": true
        },
        {
            "name": "vinery:dirt_slab",
            "hide_old_tab": true
        },
        {
            "name": "vinery:grass_slab",
            "hide_old_tab": true
        },
        {
            "name": "vinery:loam_slab",
            "hide_old_tab": true
        },
        {
            "name": "vinery:loam_stairs",
            "hide_old_tab": true
        },
        {
            "name": "chipped:tiny_layered_amethyst_block_slabs",
            "hide_old_tab": true
        },
        {
            "name": "chipped:tiny_layered_ancient_debris_slabs",
            "hide_old_tab": true
        },
        {
            "name": "chipped:tiny_layered_andesite_slabs",
            "hide_old_tab": true
        },
        {
            "name": "chipped:tiny_layered_basalt_slabs",
            "hide_old_tab": true
        },
        {
            "name": "chipped:tiny_layered_blackstone_slabs",
            "hide_old_tab": true
        },
        {
            "name": "chipped:tiny_layered_blue_ice_slabs",
            "hide_old_tab": true
        },
        {
            "name": "chipped:tiny_layered_borderless_bricks_slabs",
            "hide_old_tab": true
        },
        {
            "name": "chipped:tiny_layered_bricks_slabs",
            "hide_old_tab": true
        },
        {
            "name": "chipped:tiny_layered_calcite_slabs",
            "hide_old_tab": true
        },
        {
            "name": "chipped:tiny_layered_clay_slabs",
            "hide_old_tab": true
        },
        {
            "name": "chipped:tiny_layered_coal_block_slabs",
            "hide_old_tab": true
        },
        {
            "name": "chipped:tiny_layered_crying_obsidian_slabs",
            "hide_old_tab": true
        },
        {
            "name": "chipped:tiny_layered_dark_prismarine_slabs",
            "hide_old_tab": true
        },
        {
            "name": "chipped:tiny_layered_deepslate_slabs",
            "hide_old_tab": true
        },
        {
            "name": "chipped:tiny_layered_diorite_slabs",
            "hide_old_tab": true
        },
        {
            "name": "chipped:tiny_layered_dirt_slabs",
            "hide_old_tab": true
        },
        {
            "name": "chipped:tiny_layered_dripstone_block_slabs",
            "hide_old_tab": true
        },
        {
            "name": "chipped:tiny_layered_gilded_blackstone_slabs",
            "hide_old_tab": true
        },
        {
            "name": "chipped:tiny_layered_granite_slabs",
            "hide_old_tab": true
        },
        {
            "name": "chipped:tiny_layered_ice_slabs",
            "hide_old_tab": true
        },
        {
            "name": "chipped:tiny_layered_lapis_block_slabs",
            "hide_old_tab": true
        },
        {
            "name": "chipped:tiny_layered_lodestone_slabs",
            "hide_old_tab": true
        },
        {
            "name": "chipped:tiny_layered_magma_block_slabs",
            "hide_old_tab": true
        },
        {
            "name": "chipped:tiny_layered_mossy_stone_bricks_slabs",
            "hide_old_tab": true
        },
        {
            "name": "chipped:tiny_layered_nether_bricks_slabs",
            "hide_old_tab": true
        },
        {
            "name": "chipped:tiny_layered_netherrack_slabs",
            "hide_old_tab": true
        },
        {
            "name": "chipped:tiny_layered_obsidian_slabs",
            "hide_old_tab": true
        },
        {
            "name": "chipped:tiny_layered_packed_ice_slabs",
            "hide_old_tab": true
        },
        {
            "name": "chipped:tiny_layered_prismarine_slabs",
            "hide_old_tab": true
        },
        {
            "name": "chipped:tiny_layered_purpur_block_slabs",
            "hide_old_tab": true
        },
        {
            "name": "chipped:tiny_layered_quartz_block_slabs",
            "hide_old_tab": true
        },
        {
            "name": "chipped:tiny_layered_raw_copper_block_slabs",
            "hide_old_tab": true
        },
        {
            "name": "chipped:tiny_layered_raw_gold_block_slabs",
            "hide_old_tab": true
        },
        {
            "name": "chipped:tiny_layered_raw_iron_block_slabs",
            "hide_old_tab": true
        },
        {
            "name": "chipped:tiny_layered_red_nether_bricks_slabs",
            "hide_old_tab": true
        },
        {
            "name": "chipped:tiny_layered_red_sandstone_slabs",
            "hide_old_tab": true
        },
        {
            "name": "chipped:tiny_layered_redstone_block_slabs",
            "hide_old_tab": true
        },
        {
            "name": "chipped:tiny_layered_sandstone_slabs",
            "hide_old_tab": true
        },
        {
            "name": "chipped:tiny_layered_smooth_stone_slabs",
            "hide_old_tab": true
        },
        {
            "name": "chipped:tiny_layered_snow_block_slabs",
            "hide_old_tab": true
        },
        {
            "name": "chipped:tiny_layered_stone_slabs",
            "hide_old_tab": true
        },
        {
            "name": "chipped:tiny_layered_tuff_slabs",
            "hide_old_tab": true
        },
        {
            "name": "chipped:tiny_layered_cobblestone_slabs",
            "hide_old_tab": true
        },
        {
            "name": "chipped:tiny_layered_mossy_cobblestone_slabs",
            "hide_old_tab": true
        },
        {
            "name": "",
            "hide_old_tab": true
        },
        {
            "name": "bellsandwhistles:andesite_door_step",
            "hide_old_tab": true
        },
        {
            "name": "bellsandwhistles:brass_door_step",
            "hide_old_tab": true
        },
        {
            "name": "bellsandwhistles:copper_door_step",
            "hide_old_tab": true
        }
    ]
}