{
    "tab_enabled": true,
    "tab_name": "stone",
    "tab_stack": {
      "name": "minecraft:stone"
    },
    "tab_items": [
      {
        "name": "minecraft:stone"
      },
      {
        "name": "minecraft:chiseled_stone_bricks"
      },
      {
        "name": "minecraft:cobblestone"
      },
      {
        "name": "minecraft:mossy_cobblestone"
      },
      {
        "name": "minecraft:mossy_stone_bricks"
      },
      {
        "name": "minecraft:smooth_stone"
      },
      {
        "name": "minecraft:stone_bricks"
      },
      {
        "name": "chipped:angry_cobblestone"
      },
      {
        "name": "chipped:angry_mossy_cobblestone"
      },
      {
        "name": "chipped:angry_mossy_stone_bricks"
      },
      {
        "name": "chipped:angry_smooth_stone"
      },
      {
        "name": "chipped:angry_stone"
      },
      {
        "name": "chipped:blank_cobblestone_carving"
      },
      {
        "name": "chipped:blank_mossy_cobblestone_carving"
      },
      {
        "name": "chipped:blank_mossy_stone_bricks_carving"
      },
      {
        "name": "chipped:blank_smooth_stone_carving"
      },
      {
        "name": "chipped:blank_stone_carving"
      },
      {
        "name": "chipped:bordered_cobblestone"
      },
      {
        "name": "chipped:bordered_mossy_cobblestone"
      },
      {
        "name": "chipped:bordered_mossy_stone_bricks"
      },
      {
        "name": "chipped:bordered_smooth_stone"
      },
      {
        "name": "chipped:bordered_stone"
      },
      {
        "name": "chipped:brick_bordered_cobblestone"
      },
      {
        "name": "chipped:brick_bordered_mossy_cobblestone"
      },
      {
        "name": "chipped:brick_bordered_mossy_stone_bricks"
      },
      {
        "name": "chipped:brick_bordered_smooth_stone"
      },
      {
        "name": "chipped:brick_bordered_stone"
      },
      {
        "name": "chipped:carved_cobblestone"
      },
      {
        "name": "chipped:carved_mossy_cobblestone"
      },
      {
        "name": "chipped:carved_mossy_stone_bricks"
      },
      {
        "name": "chipped:carved_smooth_stone"
      },
      {
        "name": "chipped:checkered_cobblestone_tiles"
      },
      {
        "name": "chipped:checkered_mossy_cobblestone_tiles"
      },
      {
        "name": "chipped:checkered_mossy_stone_bricks_tiles"
      },
      {
        "name": "chipped:checkered_smooth_stone_tiles"
      },
      {
        "name": "chipped:checkered_stone_tiles"
      },
      {
        "name": "chipped:cobbled_cobblestone"
      },
      {
        "name": "chipped:cobbled_mossy_cobblestone"
      },
      {
        "name": "chipped:cobbled_mossy_stone_bricks"
      },
      {
        "name": "chipped:cobbled_smooth_stone"
      },
      {
        "name": "chipped:cobbled_stone"
      },
      {
        "name": "chipped:cracked_cobblestone_bricks"
      },
      {
        "name": "chipped:cracked_mossy_cobblestone_bricks"
      },
      {
        "name": "chipped:cracked_mossy_stone_bricks"
      },
      {
        "name": "chipped:cracked_smooth_stone_bricks"
      },
      {
        "name": "chipped:cracked_stone_bricks"
      },
      {
        "name": "chipped:creeper_cobblestone_carving"
      },
      {
        "name": "chipped:creeper_mossy_cobblestone_carving"
      },
      {
        "name": "chipped:creeper_mossy_stone_bricks_carving"
      },
      {
        "name": "chipped:creeper_smooth_stone_carving"
      },
      {
        "name": "chipped:creeper_stone_carving"
      },
      {
        "name": "chipped:crying_stone"
      },
      {
        "name": "chipped:curly_smooth_stone_pillar"
      },
      {
        "name": "chipped:curly_stone_pillar"
      },
      {
        "name": "chipped:cut_blank_stone"
      },
      {
        "name": "chipped:cut_smooth_stone_column"
      },
      {
        "name": "chipped:duh_stone"
      },
      {
        "name": "chipped:edged_stone_bricks"
      },
      {
        "name": "chipped:engraved_stone"
      },
      {
        "name": "chipped:eroded_stone"
      },
      {
        "name": "chipped:etched_stone_bricks"
      },
      {
        "name": "chipped:fine_smooth_stone_pillar"
      },
      {
        "name": "chipped:flat_smooth_stone_tiles"
      },
      {
        "name": "chipped:flat_stone_tiles"
      },
      {
        "name": "chipped:glad_stone"
      },
      {
        "name": "chipped:inlayed_stone"
      },
      {
        "name": "chipped:layed_stone_bricks"
      },
      {
        "name": "chipped:loded_stone"
      },
      {
        "name": "chipped:massive_stone_bricks"
      },
      {
        "name": "chipped:offset_stone_bricks"
      },
      {
        "name": "chipped:ornate_smooth_stone_pillar"
      },
      {
        "name": "chipped:ornate_stone_pillar"
      },
      {
        "name": "chipped:overlapping_smooth_stone_tiles"
      },
      {
        "name": "chipped:overlapping_stone_tiles"
      },
      {
        "name": "chipped:pillar_stone_bricks"
      },
      {
        "name": "chipped:polished_stone"
      },
      {
        "name": "chipped:prismal_stone_remnants"
      },
      {
        "name": "chipped:rough_stone"
      },
      {
        "name": "chipped:rounded_stone_bricks"
      },
      {
        "name": "chipped:runic_carved_stone"
      },
      {
        "name": "chipped:sad_stone"
      },
      {
        "name": "chipped:sanded_stone"
      },
      {
        "name": "chipped:simple_smooth_stone_pillar"
      },
      {
        "name": "chipped:simple_stone_pillar"
      },
      {
        "name": "chipped:small_stone_bricks"
      },
      {
        "name": "chipped:smooth_stone_bricks"
      },
      {
        "name": "chipped:smooth_stone_column"
      },
      {
        "name": "chipped:smooth_inlayed_stone"
      },
      {
        "name": "chipped:smooth_ringed_stone"
      },
      {
        "name": "chipped:smoothed_double_inlayed_stone"
      },
      {
        "name": "chipped:spider_stone_carving"
      },
      {
        "name": "chipped:spiraled_stone"
      },
      {
        "name": "chipped:stacked_stone_bricks"
      },
      {
        "name": "chipped:thick_inlayed_stone"
      },
      {
        "name": "chipped:tiled_stone"
      },
      {
        "name": "chipped:tiled_stone_column"
      },
      {
        "name": "chipped:tiled_bordered_stone"
      },
      {
        "name": "chipped:tiny_brick_bordered_stone"
      },
      {
        "name": "chipped:tiny_stone_bricks"
      },
      {
        "name": "chipped:tiny_layered_stone_bricks"
      },
      {
        "name": "chipped:trodden_stone"
      },
      {
        "name": "chipped:unamused_stone"
      },
      {
        "name": "chipped:vertical_cut_stone"
      },
      {
        "name": "chipped:vertical_disordered_stone_bricks"
      },
      {
        "name": "chipped:weathered_stone"
      },
      {
        "name": "minecraft:andesite"
      },
      {
        "name": "minecraft:polished_andesite"
      },
      {
        "name": "chipped:angry_andesite"
      },
      {
        "name": "chipped:blank_andesite_carving"
      },
      {
        "name": "chipped:bordered_andesite"
      },
      {
        "name": "chipped:brick_bordered_andesite"
      },
      {
        "name": "chipped:carved_andesite"
      },
      {
        "name": "chipped:checkered_andesite_tiles"
      },
      {
        "name": "chipped:cobbled_andesite"
      },
      {
        "name": "chipped:cracked_andesite_bricks"
      },
      {
        "name": "chipped:cracked_disordered_andesite_bricks"
      },
      {
        "name": "chipped:cracked_flat_andesite_tiles"
      },
      {
        "name": "chipped:creeper_andesite_carving"
      },
      {
        "name": "chipped:crying_andesite"
      },
      {
        "name": "chipped:curly_andesite_pillar"
      },
      {
        "name": "chipped:cut_andesite_column"
      },
      {
        "name": "chipped:cut_blank_andesite"
      },
      {
        "name": "chipped:duh_andesite"
      },
      {
        "name": "chipped:edged_andesite_bricks"
      },
      {
        "name": "chipped:engraved_andesite"
      },
      {
        "name": "chipped:eroded_andesite"
      },
      {
        "name": "chipped:etched_andesite_bricks"
      },
      {
        "name": "chipped:fine_andesite_pillar"
      },
      {
        "name": "chipped:flat_andesite_tiles"
      },
      {
        "name": "chipped:glad_andesite"
      },
      {
        "name": "chipped:inlayed_andesite"
      },
      {
        "name": "chipped:layed_andesite_bricks"
      },
      {
        "name": "chipped:loded_andesite"
      },
      {
        "name": "chipped:massive_andesite_bricks"
      },
      {
        "name": "chipped:offset_andesite_bricks"
      },
      {
        "name": "chipped:ornate_andesite_pillar"
      },
      {
        "name": "chipped:overlapping_andesite_tiles"
      },
      {
        "name": "chipped:pillar_andesite_bricks"
      },
      {
        "name": "chipped:prismal_andesite_remnants"
      },
      {
        "name": "chipped:rough_andesite"
      },
      {
        "name": "chipped:rounded_andesite_bricks"
      },
      {
        "name": "chipped:sad_andesite"
      },
      {
        "name": "chipped:sanded_andesite"
      },
      {
        "name": "chipped:simple_andesite_pillar"
      },
      {
        "name": "chipped:small_andesite_bricks"
      },
      {
        "name": "chipped:smooth_andesite_column"
      },
      {
        "name": "chipped:smooth_inlayed_andesite"
      },
      {
        "name": "chipped:smooth_ringed_andesite"
      },
      {
        "name": "chipped:smoothed_double_inlayed_andesite"
      },
      {
        "name": "chipped:spider_andesite_carving"
      },
      {
        "name": "chipped:spiraled_andesite"
      },
      {
        "name": "chipped:stacked_andesite_bricks"
      },
      {
        "name": "chipped:thick_inlayed_andesite"
      },
      {
        "name": "chipped:tiled_andesite"
      },
      {
        "name": "chipped:tiled_andesite_column"
      },
      {
        "name": "chipped:tiled_bordered_andesite"
      },
      {
        "name": "chipped:tiny_andesite_bricks"
      },
      {
        "name": "chipped:tiny_brick_bordered_andesite"
      },
      {
        "name": "chipped:tiny_layered_andesite_bricks"
      },
      {
        "name": "chipped:trodden_andesite"
      },
      {
        "name": "chipped:unamused_andesite"
      },
      {
        "name": "chipped:vertical_cut_andesite"
      },
      {
        "name": "chipped:vertical_disordered_andesite_bricks"
      },
      {
        "name": "chipped:weathered_andesite"
      },
      {
        "name": "minecraft:diorite"
      },
      {
        "name": "minecraft:polished_diorite"
      },
      {
        "name": "chipped:angry_diorite"
      },
      {
        "name": "chipped:blank_diorite_carving"
      },
      {
        "name": "chipped:bordered_diorite"
      },
      {
        "name": "chipped:brick_bordered_diorite"
      },
      {
        "name": "chipped:carved_diorite"
      },
      {
        "name": "chipped:checkered_diorite_tiles"
      },
      {
        "name": "chipped:cobbled_diorite"
      },
      {
        "name": "chipped:cracked_diorite_bricks"
      },
      {
        "name": "chipped:cracked_disordered_diorite_bricks"
      },
      {
        "name": "chipped:cracked_flat_diorite_tiles"
      },
      {
        "name": "chipped:creeper_diorite_carving"
      },
      {
        "name": "chipped:crying_diorite"
      },
      {
        "name": "chipped:curly_diorite_pillar"
      },
      {
        "name": "chipped:cut_blank_diorite"
      },
      {
        "name": "chipped:cut_diorite_column"
      },
      {
        "name": "chipped:duh_diorite"
      },
      {
        "name": "chipped:edged_diorite_bricks"
      },
      {
        "name": "chipped:engraved_diorite"
      },
      {
        "name": "chipped:eroded_diorite"
      },
      {
        "name": "chipped:etched_diorite_bricks"
      },
      {
        "name": "chipped:fine_diorite_pillar"
      },
      {
        "name": "chipped:flat_diorite_tiles"
      },
      {
        "name": "chipped:glad_diorite"
      },
      {
        "name": "chipped:inlayed_diorite"
      },
      {
        "name": "chipped:layed_diorite_bricks"
      },
      {
        "name": "chipped:loded_diorite"
      },
      {
        "name": "chipped:massive_diorite_bricks"
      },
      {
        "name": "chipped:offset_diorite_bricks"
      },
      {
        "name": "chipped:ornate_diorite_pillar"
      },
      {
        "name": "chipped:overlapping_diorite_tiles"
      },
      {
        "name": "chipped:pillar_diorite_bricks"
      },
      {
        "name": "chipped:prismal_diorite_remnants"
      },
      {
        "name": "chipped:rough_diorite"
      },
      {
        "name": "chipped:rounded_diorite_bricks"
      },
      {
        "name": "chipped:sad_diorite"
      },
      {
        "name": "chipped:sanded_diorite"
      },
      {
        "name": "chipped:simple_diorite_pillar"
      },
      {
        "name": "chipped:small_diorite_bricks"
      },
      {
        "name": "chipped:smooth_diorite_column"
      },
      {
        "name": "chipped:smooth_inlayed_diorite"
      },
      {
        "name": "chipped:smooth_ringed_diorite"
      },
      {
        "name": "chipped:smoothed_double_inlayed_diorite"
      },
      {
        "name": "chipped:spider_diorite_carving"
      },
      {
        "name": "chipped:spiraled_diorite"
      },
      {
        "name": "chipped:stacked_diorite_bricks"
      },
      {
        "name": "chipped:thick_inlayed_diorite"
      },
      {
        "name": "chipped:tiled_bordered_diorite"
      },
      {
        "name": "chipped:tiled_diorite"
      },
      {
        "name": "chipped:tiled_diorite_column"
      },
      {
        "name": "chipped:tiny_brick_bordered_diorite"
      },
      {
        "name": "chipped:tiny_diorite_bricks"
      },
      {
        "name": "chipped:tiny_layered_diorite_bricks"
      },
      {
        "name": "chipped:trodden_diorite"
      },
      {
        "name": "chipped:unamused_diorite"
      },
      {
        "name": "chipped:vertical_cut_diorite"
      },
      {
        "name": "chipped:vertical_disordered_diorite_bricks"
      },
      {
        "name": "chipped:weathered_diorite"
      },
      {
        "name": "minecraft:granite"
      },
      {
        "name": "minecraft:polished_granite"
      },
      {
        "name": "chipped:angry_granite"
      },
      {
        "name": "chipped:blank_granite_carving"
      },
      {
        "name": "chipped:bordered_granite"
      },
      {
        "name": "chipped:brick_bordered_granite"
      },
      {
        "name": "chipped:carved_granite"
      },
      {
        "name": "chipped:checkered_granite_tiles"
      },
      {
        "name": "chipped:cobbled_granite"
      },
      {
        "name": "chipped:cracked_disordered_granite_bricks"
      },
      {
        "name": "chipped:cracked_flat_granite_tiles"
      },
      {
        "name": "chipped:cracked_granite_bricks"
      },
      {
        "name": "chipped:creeper_granite_carving"
      },
      {
        "name": "chipped:crying_granite"
      },
      {
        "name": "chipped:curly_granite_pillar"
      },
      {
        "name": "chipped:cut_blank_granite"
      },
      {
        "name": "chipped:cut_granite_column"
      },
      {
        "name": "chipped:duh_granite"
      },
      {
        "name": "chipped:edged_granite_bricks"
      },
      {
        "name": "chipped:engraved_granite"
      },
      {
        "name": "chipped:eroded_granite"
      },
      {
        "name": "chipped:etched_granite_bricks"
      },
      {
        "name": "chipped:fine_granite_pillar"
      },
      {
        "name": "chipped:flat_granite_tiles"
      },
      {
        "name": "chipped:glad_granite"
      },
      {
        "name": "chipped:inlayed_granite"
      },
      {
        "name": "chipped:layed_granite_bricks"
      },
      {
        "name": "chipped:loded_granite"
      },
      {
        "name": "chipped:massive_granite_bricks"
      },
      {
        "name": "chipped:offset_granite_bricks"
      },
      {
        "name": "chipped:ornate_granite_pillar"
      },
      {
        "name": "chipped:overlapping_granite_tiles"
      },
      {
        "name": "chipped:pillar_granite_bricks"
      },
      {
        "name": "chipped:prismal_granite_remnants"
      },
      {
        "name": "chipped:rough_granite"
      },
      {
        "name": "chipped:rounded_granite_bricks"
      },
      {
        "name": "chipped:sad_granite"
      },
      {
        "name": "chipped:sanded_granite"
      },
      {
        "name": "chipped:simple_granite_pillar"
      },
      {
        "name": "chipped:small_granite_bricks"
      },
      {
        "name": "chipped:smooth_granite_column"
      },
      {
        "name": "chipped:smooth_inlayed_granite"
      },
      {
        "name": "chipped:smooth_ringed_granite"
      },
      {
        "name": "chipped:smoothed_double_inlayed_granite"
      },
      {
        "name": "chipped:spider_granite_carving"
      },
      {
        "name": "chipped:spiraled_granite"
      },
      {
        "name": "chipped:stacked_granite_bricks"
      },
      {
        "name": "chipped:thick_inlayed_granite"
      },
      {
        "name": "chipped:tiled_bordered_granite"
      },
      {
        "name": "chipped:tiled_granite"
      },
      {
        "name": "chipped:tiled_granite_column"
      },
      {
        "name": "chipped:tiny_brick_bordered_granite"
      },
      {
        "name": "chipped:tiny_granite_bricks"
      },
      {
        "name": "chipped:tiny_layered_granite_bricks"
      },
      {
        "name": "chipped:trodden_granite"
      },
      {
        "name": "chipped:unamused_granite"
      },
      {
        "name": "chipped:vertical_cut_granite"
      },
      {
        "name": "chipped:vertical_disordered_granite_bricks"
      },
      {
        "name": "chipped:weathered_granite"
      },
      {
        "name": "minecraft:sandstone"
      },
      {
        "name": "minecraft:chiseled_sandstone"
      },
      {
        "name": "minecraft:cut_sandstone"
      },
      {
        "name": "minecraft:smooth_sandstone"
      },
      {
        "name": "chipped:angry_sandstone"
      },
      {
        "name": "chipped:blank_sandstone_carving"
      },
      {
        "name": "chipped:bordered_sandstone"
      },
      {
        "name": "chipped:brick_bordered_sandstone"
      },
      {
        "name": "chipped:carved_sandstone"
      },
      {
        "name": "chipped:checkered_sandstone_tiles"
      },
      {
        "name": "chipped:cobbled_sandstone"
      },
      {
        "name": "chipped:cracked_disordered_sandstone_bricks"
      },
      {
        "name": "chipped:cracked_flat_sandstone_tiles"
      },
      {
        "name": "chipped:cracked_sandstone_bricks"
      },
      {
        "name": "chipped:creeper_sandstone_carving"
      },
      {
        "name": "chipped:crying_sandstone"
      },
      {
        "name": "chipped:curly_sandstone_pillar"
      },
      {
        "name": "chipped:cut_blank_sandstone"
      },
      {
        "name": "chipped:cut_sandstone_column"
      },
      {
        "name": "chipped:duh_sandstone"
      },
      {
        "name": "chipped:edged_sandstone_bricks"
      },
      {
        "name": "chipped:engraved_sandstone"
      },
      {
        "name": "chipped:eroded_sandstone"
      },
      {
        "name": "chipped:etched_sandstone_bricks"
      },
      {
        "name": "chipped:fine_sandstone_pillar"
      },
      {
        "name": "chipped:flat_sandstone_tiles"
      },
      {
        "name": "chipped:glad_sandstone"
      },
      {
        "name": "chipped:inlayed_sandstone"
      },
      {
        "name": "chipped:layed_sandstone_bricks"
      },
      {
        "name": "chipped:loded_sandstone"
      },
      {
        "name": "chipped:massive_sandstone_bricks"
      },
      {
        "name": "chipped:offset_sandstone_bricks"
      },
      {
        "name": "chipped:ornate_sandstone_pillar"
      },
      {
        "name": "chipped:overlapping_sandstone_tiles"
      },
      {
        "name": "chipped:pillar_sandstone_bricks"
      },
      {
        "name": "chipped:prismal_sandstone_remnants"
      },
      {
        "name": "chipped:rough_sandstone"
      },
      {
        "name": "chipped:rounded_sandstone_bricks"
      },
      {
        "name": "chipped:sad_sandstone"
      },
      {
        "name": "chipped:sanded_sandstone"
      },
      {
        "name": "chipped:simple_sandstone_pillar"
      },
      {
        "name": "chipped:small_sandstone_bricks"
      },
      {
        "name": "chipped:smooth_inlayed_sandstone"
      },
      {
        "name": "chipped:smooth_ringed_sandstone"
      },
      {
        "name": "chipped:smoothed_double_inlayed_sandstone"
      },
      {
        "name": "chipped:spider_sandstone_carving"
      },
      {
        "name": "chipped:spiraled_sandstone"
      },
      {
        "name": "chipped:stacked_sandstone_bricks"
      },
      {
        "name": "chipped:thick_inlayed_sandstone"
      },
      {
        "name": "chipped:tiled_bordered_sandstone"
      },
      {
        "name": "chipped:tiled_sandstone"
      },
      {
        "name": "chipped:tiled_sandstone_column"
      },
      {
        "name": "chipped:tiny_brick_bordered_sandstone"
      },
      {
        "name": "chipped:tiny_sandstone_bricks"
      },
      {
        "name": "chipped:tiny_layered_sandstone_bricks"
      },
      {
        "name": "chipped:trodden_sandstone"
      },
      {
        "name": "chipped:unamused_sandstone"
      },
      {
        "name": "chipped:vertical_disordered_sandstone_bricks"
      },
      {
        "name": "minecraft:red_sandstone"
      },
      {
        "name": "minecraft:chiseled_red_sandstone"
      },
      {
        "name": "minecraft:cut_red_sandstone"
      },
      {
        "name": "minecraft:smooth_red_sandstone"
      },
      {
        "name": "chipped:angry_red_sandstone"
      },
      {
        "name": "chipped:blank_red_sandstone_carving"
      },
      {
        "name": "chipped:bordered_red_sandstone"
      },
      {
        "name": "chipped:brick_bordered_red_sandstone"
      },
      {
        "name": "chipped:carved_red_sandstone"
      },
      {
        "name": "chipped:checkered_red_sandstone_tiles"
      },
      {
        "name": "chipped:cobbled_red_sandstone"
      },
      {
        "name": "chipped:cracked_disordered_red_sandstone_bricks"
      },
      {
        "name": "chipped:cracked_flat_red_sandstone_tiles"
      },
      {
        "name": "chipped:cracked_red_sandstone_bricks"
      },
      {
        "name": "chipped:creeper_red_sandstone_carving"
      },
      {
        "name": "chipped:crying_red_sandstone"
      },
      {
        "name": "chipped:curly_red_sandstone_pillar"
      },
      {
        "name": "chipped:cut_blank_red_sandstone"
      },
      {
        "name": "chipped:cut_red_sandstone_column"
      },
      {
        "name": "chipped:duh_red_sandstone"
      },
      {
        "name": "chipped:edged_red_sandstone_bricks"
      },
      {
        "name": "chipped:engraved_red_sandstone"
      },
      {
        "name": "chipped:eroded_red_sandstone"
      },
      {
        "name": "chipped:etched_red_sandstone_bricks"
      },
      {
        "name": "chipped:fine_red_sandstone_pillar"
      },
      {
        "name": "chipped:flat_red_sandstone_tiles"
      },
      {
        "name": "chipped:glad_red_sandstone"
      },
      {
        "name": "chipped:inlayed_red_sandstone"
      },
      {
        "name": "chipped:layed_red_sandstone_bricks"
      },
      {
        "name": "chipped:loded_red_sandstone"
      },
      {
        "name": "chipped:massive_red_sandstone_bricks"
      },
      {
        "name": "chipped:offset_red_sandstone_bricks"
      },
      {
        "name": "chipped:ornate_red_sandstone_pillar"
      },
      {
        "name": "chipped:overlapping_red_sandstone_tiles"
      },
      {
        "name": "chipped:pillar_red_sandstone_bricks"
      },
      {
        "name": "chipped:polished_red_sandstone"
      },
      {
        "name": "chipped:prismal_red_sandstone_remnants"
      },
      {
        "name": "chipped:red_sandstone_bricks"
      },
      {
        "name": "chipped:red_sandstone_mini_tiles"
      },
      {
        "name": "chipped:red_sandstone_pillar"
      },
      {
        "name": "chipped:red_sandstone_pillar_top"
      },
      {
        "name": "chipped:red_sandstone_scales"
      },
      {
        "name": "chipped:rough_red_sandstone"
      },
      {
        "name": "chipped:rounded_red_sandstone_bricks"
      },
      {
        "name": "chipped:runic_carved_red_sandstone"
      },
      {
        "name": "chipped:sad_red_sandstone"
      },
      {
        "name": "chipped:sanded_red_sandstone"
      },
      {
        "name": "chipped:simple_red_sandstone_pillar"
      },
      {
        "name": "chipped:small_red_sandstone_bricks"
      },
      {
        "name": "chipped:smooth_inlayed_red_sandstone"
      },
      {
        "name": "chipped:smooth_red_sandstone_column"
      },
      {
        "name": "chipped:smooth_ringed_red_sandstone"
      },
      {
        "name": "chipped:smoothed_double_inlayed_red_sandstone"
      },
      {
        "name": "chipped:spider_red_sandstone_carving"
      },
      {
        "name": "chipped:spiraled_red_sandstone"
      },
      {
        "name": "chipped:stacked_red_sandstone_bricks"
      },
      {
        "name": "chipped:thick_inlayed_red_sandstone"
      },
      {
        "name": "chipped:tiled_bordered_red_sandstone"
      },
      {
        "name": "chipped:tiled_red_sandstone"
      },
      {
        "name": "chipped:tiled_red_sandstone_column"
      },
      {
        "name": "chipped:tiny_brick_bordered_red_sandstone"
      },
      {
        "name": "chipped:tiny_red_sandstone_bricks"
      },
      {
        "name": "chipped:tiny_layered_red_sandstone_bricks"
      },
      {
        "name": "chipped:trodden_red_sandstone"
      },
      {
        "name": "chipped:unamused_red_sandstone"
      },
      {
        "name": "chipped:vertical_cut_red_sandstone"
      },
      {
        "name": "chipped:vertical_disordered_red_sandstone_bricks"
      },
      {
        "name": "chipped:weathered_red_sandstone"
      },
      {
        "name": "minecraft:dripstone_block"
      },
      {
        "name": "chipped:angry_dripstone_block"
      },
      {
        "name": "chipped:blank_dripstone_block_carving"
      },
      {
        "name": "chipped:bordered_dripstone_block"
      },
      {
        "name": "chipped:brick_bordered_dripstone_block"
      },
      {
        "name": "chipped:carved_dripstone_block"
      },
      {
        "name": "chipped:checkered_dripstone_block_tiles"
      },
      {
        "name": "chipped:cobbled_dripstone_block"
      },
      {
        "name": "chipped:cracked_disordered_dripstone_block_bricks"
      },
      {
        "name": "chipped:cracked_dripstone_block_bricks"
      },
      {
        "name": "chipped:cracked_flat_dripstone_block_tiles"
      },
      {
        "name": "chipped:creeper_dripstone_block_carving"
      },
      {
        "name": "chipped:crying_dripstone_block"
      },
      {
        "name": "chipped:curly_dripstone_block_pillar"
      },
      {
        "name": "chipped:cut_blank_dripstone_block"
      },
      {
        "name": "chipped:cut_dripstone_block_column"
      },
      {
        "name": "chipped:duh_dripstone_block"
      },
      {
        "name": "chipped:edged_dripstone_block_bricks"
      },
      {
        "name": "chipped:engraved_dripstone_block"
      },
      {
        "name": "chipped:eroded_dripstone_block"
      },
      {
        "name": "chipped:etched_dripstone_block_bricks"
      },
      {
        "name": "chipped:fine_dripstone_block_pillar"
      },
      {
        "name": "chipped:flat_dripstone_block_tiles"
      },
      {
        "name": "chipped:glad_dripstone_block"
      },
      {
        "name": "chipped:inlayed_dripstone_block"
      },
      {
        "name": "chipped:layed_dripstone_block_bricks"
      },
      {
        "name": "chipped:loded_dripstone_block"
      },
      {
        "name": "chipped:massive_dripstone_block_bricks"
      },
      {
        "name": "chipped:offset_dripstone_block_bricks"
      },
      {
        "name": "chipped:ornate_dripstone_block_pillar"
      },
      {
        "name": "chipped:overlapping_dripstone_block_tiles"
      },
      {
        "name": "chipped:pillar_dripstone_block_bricks"
      },
      {
        "name": "chipped:polished_dripstone_block"
      },
      {
        "name": "chipped:prismal_dripstone_block_remnants"
      },
      {
        "name": "chipped:rough_dripstone_block"
      },
      {
        "name": "chipped:rounded_dripstone_block_bricks"
      },
      {
        "name": "chipped:runic_carved_dripstone_block"
      },
      {
        "name": "chipped:sad_dripstone_block"
      },
      {
        "name": "chipped:sanded_dripstone_block"
      },
      {
        "name": "chipped:simple_dripstone_block_pillar"
      },
      {
        "name": "chipped:small_dripstone_block_bricks"
      },
      {
        "name": "chipped:smooth_dripstone_block_column"
      },
      {
        "name": "chipped:smooth_inlayed_dripstone_block"
      },
      {
        "name": "chipped:smooth_ringed_dripstone_block"
      },
      {
        "name": "chipped:smoothed_double_inlayed_dripstone_block"
      },
      {
        "name": "chipped:spider_dripstone_block_carving"
      },
      {
        "name": "chipped:spiraled_dripstone_block"
      },
      {
        "name": "chipped:stacked_dripstone_block_bricks"
      },
      {
        "name": "chipped:thick_inlayed_dripstone_block"
      },
      {
        "name": "chipped:tiled_bordered_dripstone_block"
      },
      {
        "name": "chipped:tiled_dripstone_block"
      },
      {
        "name": "chipped:tiled_dripstone_block_column"
      },
      {
        "name": "chipped:tiny_brick_bordered_dripstone_block"
      },
      {
        "name": "chipped:tiny_dripstone_block_bricks"
      },
      {
        "name": "chipped:tiny_layered_dripstone_block_bricks"
      },
      {
        "name": "chipped:trodden_dripstone_block"
      },
      {
        "name": "chipped:unamused_dripstone_block"
      },
      {
        "name": "chipped:vertical_cut_dripstone_block"
      },
      {
        "name": "chipped:vertical_disordered_dripstone_block_bricks"
      },
      {
        "name": "chipped:weathered_dripstone_block"
      },
      {
        "name": "create:cut_dripstone"
      },
      {
        "name": "create:cut_dripstone_bricks"
      },
      {
        "name": "create:dripstone_pillar"
      },
      {
        "name": "create:layered_dripstone"
      },
      {
        "name": "create:polished_cut_dripstone"
      },
      {
        "name": "create:small_dripstone_bricks"
      },
      {
        "name": "minecraft:basalt"
      },
      {
        "name": "minecraft:polished_basalt"
      },
      {
        "name": "minecraft:smooth_basalt"
      },
      {
        "name": "chipped:angry_basalt"
      },
      {
        "name": "chipped:basalt_bricks"
      },
      {
        "name": "chipped:basalt_mini_tiles"
      },
      {
        "name": "chipped:basalt_pillar"
      },
      {
        "name": "chipped:basalt_pillar_top"
      },
      {
        "name": "chipped:basalt_scales"
      },
      {
        "name": "chipped:blank_basalt_carving"
      },
      {
        "name": "chipped:bordered_basalt"
      },
      {
        "name": "chipped:brick_bordered_basalt"
      },
      {
        "name": "chipped:carved_basalt"
      },
      {
        "name": "chipped:checkered_basalt_tiles"
      },
      {
        "name": "chipped:cobbled_basalt"
      },
      {
        "name": "chipped:cracked_basalt_bricks"
      },
      {
        "name": "chipped:cracked_disordered_basalt_bricks"
      },
      {
        "name": "chipped:cracked_flat_basalt_tiles"
      },
      {
        "name": "chipped:creeper_basalt_carving"
      },
      {
        "name": "chipped:crying_basalt"
      },
      {
        "name": "chipped:curly_basalt_pillar"
      },
      {
        "name": "chipped:cut_basalt_column"
      },
      {
        "name": "chipped:cut_blank_basalt"
      },
      {
        "name": "chipped:duh_basalt"
      },
      {
        "name": "chipped:edged_basalt_bricks"
      },
      {
        "name": "chipped:engraved_basalt"
      },
      {
        "name": "chipped:eroded_basalt"
      },
      {
        "name": "chipped:etched_basalt_bricks"
      },
      {
        "name": "chipped:fine_basalt_pillar"
      },
      {
        "name": "chipped:flat_basalt_tiles"
      },
      {
        "name": "chipped:gilded_basalt_bone_block"
      },
      {
        "name": "chipped:glad_basalt"
      },
      {
        "name": "chipped:inlayed_basalt"
      },
      {
        "name": "chipped:layed_basalt_bricks"
      },
      {
        "name": "chipped:loded_basalt"
      },
      {
        "name": "chipped:massive_basalt_bricks"
      },
      {
        "name": "chipped:offset_basalt_bricks"
      },
      {
        "name": "chipped:ornate_basalt_pillar"
      },
      {
        "name": "chipped:overlapping_basalt_tiles"
      },
      {
        "name": "chipped:pillar_basalt_bricks"
      },
      {
        "name": "chipped:polished_basalt"
      },
      {
        "name": "chipped:prismal_basalt_remnants"
      },
      {
        "name": "chipped:rounded_basalt_bricks"
      },
      {
        "name": "chipped:runic_carved_basalt"
      },
      {
        "name": "chipped:sad_basalt"
      },
      {
        "name": "chipped:sanded_basalt"
      },
      {
        "name": "chipped:simple_basalt_pillar"
      },
      {
        "name": "chipped:small_basalt_bricks"
      },
      {
        "name": "chipped:smooth_basalt_column"
      },
      {
        "name": "chipped:smooth_inlayed_basalt"
      },
      {
        "name": "chipped:smooth_ringed_basalt"
      },
      {
        "name": "chipped:smoothed_double_inlayed_basalt"
      },
      {
        "name": "chipped:spider_basalt_carving"
      },
      {
        "name": "chipped:spiraled_basalt"
      },
      {
        "name": "chipped:stacked_basalt_bricks"
      },
      {
        "name": "chipped:thick_inlayed_basalt"
      },
      {
        "name": "chipped:tiled_basalt"
      },
      {
        "name": "chipped:tiled_basalt_column"
      },
      {
        "name": "chipped:tiled_bordered_basalt"
      },
      {
        "name": "chipped:tiny_basalt_bricks"
      },
      {
        "name": "chipped:tiny_brick_bordered_basalt"
      },
      {
        "name": "chipped:tiny_layered_basalt_bricks"
      },
      {
        "name": "chipped:unamused_basalt"
      },
      {
        "name": "chipped:vertical_cut_basalt"
      },
      {
        "name": "chipped:vertical_disordered_basalt_bricks"
      },
      {
        "name": "chipped:weathered_basalt"
      },
      {
        "name": "delightful:basalt_cabinet"
      },
      {
        "name": "furnitury:basalt_counter"
      },
      {
        "name": "projectred_exploration:basalt"
      },
      {
        "name": "projectred_exploration:basalt_brick"
      },
      {
        "name": "projectred_exploration:basalt_cobble"
      },
      {
        "name": "minecraft:blackstone"
      },
      {
        "name": "minecraft:chiseled_polished_blackstone"
      },
      {
        "name": "minecraft:cracked_polished_blackstone_bricks"
      },
      {
        "name": "minecraft:gilded_blackstone"
      },
      {
        "name": "minecraft:polished_blackstone"
      },
      {
        "name": "minecraft:polished_blackstone_bricks"
      },
      {
        "name": "chipped:angry_blackstone"
      },
      {
        "name": "chipped:angry_gilded_blackstone"
      },
      {
        "name": "chipped:blackstone_mini_tiles"
      },
      {
        "name": "chipped:blackstone_pillar"
      },
      {
        "name": "chipped:blackstone_pillar_top"
      },
      {
        "name": "chipped:blackstone_scales"
      },
      {
        "name": "chipped:blank_blackstone_carving"
      },
      {
        "name": "chipped:blank_gilded_blackstone_carving"
      },
      {
        "name": "chipped:bordered_blackstone"
      },
      {
        "name": "chipped:bordered_gilded_blackstone"
      },
      {
        "name": "chipped:brick_bordered_blackstone"
      },
      {
        "name": "chipped:brick_bordered_gilded_blackstone"
      },
      {
        "name": "chipped:carved_blackstone"
      },
      {
        "name": "chipped:carved_gilded_blackstone"
      },
      {
        "name": "chipped:checkered_blackstone_tiles"
      },
      {
        "name": "chipped:checkered_gilded_blackstone_tiles"
      },
      {
        "name": "chipped:chunky_gilded_blackstone"
      },
      {
        "name": "chipped:cobbled_blackstone"
      },
      {
        "name": "chipped:cobbled_gilded_blackstone"
      },
      {
        "name": "chipped:cracked_disordered_blackstone_bricks"
      },
      {
        "name": "chipped:cracked_disordered_gilded_blackstone_bricks"
      },
      {
        "name": "chipped:cracked_flat_blackstone_tiles"
      },
      {
        "name": "chipped:cracked_flat_gilded_blackstone_tiles"
      },
      {
        "name": "chipped:cracked_gilded_blackstone_bricks"
      },
      {
        "name": "chipped:creeper_blackstone_carving"
      },
      {
        "name": "chipped:creeper_gilded_blackstone_carving"
      },
      {
        "name": "chipped:crying_blackstone"
      },
      {
        "name": "chipped:crying_gilded_blackstone"
      },
      {
        "name": "chipped:curly_blackstone_pillar"
      },
      {
        "name": "chipped:curly_gilded_blackstone_pillar"
      },
      {
        "name": "chipped:cut_blackstone_column"
      },
      {
        "name": "chipped:cut_blank_blackstone"
      },
      {
        "name": "chipped:cut_blank_gilded_blackstone"
      },
      {
        "name": "chipped:cut_gilded_blackstone_column"
      },
      {
        "name": "chipped:duh_blackstone"
      },
      {
        "name": "chipped:duh_gilded_blackstone"
      },
      {
        "name": "chipped:edged_blackstone_bricks"
      },
      {
        "name": "chipped:edged_gilded_blackstone_bricks"
      },
      {
        "name": "chipped:engraved_blackstone"
      },
      {
        "name": "chipped:engraved_gilded_blackstone"
      },
      {
        "name": "chipped:eroded_blackstone"
      },
      {
        "name": "chipped:eroded_gilded_blackstone"
      },
      {
        "name": "chipped:etched_blackstone_bricks"
      },
      {
        "name": "chipped:etched_gilded_blackstone_bricks"
      },
      {
        "name": "chipped:fine_blackstone_pillar"
      },
      {
        "name": "chipped:fine_gilded_blackstone_pillar"
      },
      {
        "name": "chipped:flat_blackstone_tiles"
      },
      {
        "name": "chipped:flat_gilded_blackstone_tiles"
      },
      {
        "name": "chipped:gilded_blackstone_bricks"
      },
      {
        "name": "chipped:gilded_blackstone_mini_tiles"
      },
      {
        "name": "chipped:gilded_blackstone_pillar"
      },
      {
        "name": "chipped:gilded_blackstone_pillar_top"
      },
      {
        "name": "chipped:gilded_blackstone_scales"
      },
      {
        "name": "chipped:glad_blackstone"
      },
      {
        "name": "chipped:glad_gilded_blackstone"
      },
      {
        "name": "chipped:inlayed_blackstone"
      },
      {
        "name": "chipped:inlayed_gilded_blackstone"
      },
      {
        "name": "chipped:layed_blackstone_bricks"
      },
      {
        "name": "chipped:layed_gilded_blackstone_bricks"
      },
      {
        "name": "chipped:loded_blackstone"
      },
      {
        "name": "chipped:loded_gilded_blackstone"
      },
      {
        "name": "chipped:massive_blackstone_bricks"
      },
      {
        "name": "chipped:massive_gilded_blackstone_bricks"
      },
      {
        "name": "chipped:offset_blackstone_bricks"
      },
      {
        "name": "chipped:offset_gilded_blackstone_bricks"
      },
      {
        "name": "chipped:ornate_blackstone_pillar"
      },
      {
        "name": "chipped:ornate_gilded_blackstone_pillar"
      },
      {
        "name": "chipped:overlapping_blackstone_tiles"
      },
      {
        "name": "chipped:overlapping_gilded_blackstone_tiles"
      },
      {
        "name": "chipped:pillar_blackstone_bricks"
      },
      {
        "name": "chipped:pillar_gilded_blackstone_bricks"
      },
      {
        "name": "chipped:polished_blackstone"
      },
      {
        "name": "chipped:polished_gilded_blackstone"
      },
      {
        "name": "chipped:prismal_blackstone_remnants"
      },
      {
        "name": "chipped:prismal_gilded_blackstone_remnants"
      },
      {
        "name": "chipped:reinforced_gilded_blackstone"
      },
      {
        "name": "chipped:rounded_blackstone_bricks"
      },
      {
        "name": "chipped:rounded_gilded_blackstone_bricks"
      },
      {
        "name": "chipped:runic_carved_blackstone"
      },
      {
        "name": "chipped:runic_carved_gilded_blackstone"
      },
      {
        "name": "chipped:sad_blackstone"
      },
      {
        "name": "chipped:sad_gilded_blackstone"
      },
      {
        "name": "chipped:sanded_blackstone"
      },
      {
        "name": "chipped:sanded_gilded_blackstone"
      },
      {
        "name": "chipped:simple_blackstone_pillar"
      },
      {
        "name": "chipped:simple_gilded_blackstone_pillar"
      },
      {
        "name": "chipped:small_blackstone_bricks"
      },
      {
        "name": "chipped:small_gilded_blackstone_bricks"
      },
      {
        "name": "chipped:smooth_blackstone_bricks"
      },
      {
        "name": "chipped:smooth_blackstone_column"
      },
      {
        "name": "chipped:smooth_gilded_blackstone_column"
      },
      {
        "name": "chipped:smooth_inlayed_blackstone"
      },
      {
        "name": "chipped:smooth_inlayed_gilded_blackstone"
      },
      {
        "name": "chipped:smooth_ringed_blackstone"
      },
      {
        "name": "chipped:smooth_ringed_gilded_blackstone"
      },
      {
        "name": "chipped:smoothed_double_inlayed_blackstone"
      },
      {
        "name": "chipped:smoothed_double_inlayed_gilded_blackstone"
      },
      {
        "name": "chipped:special_gilded_blackstone"
      },
      {
        "name": "chipped:spider_blackstone_carving"
      },
      {
        "name": "chipped:spider_gilded_blackstone_carving"
      },
      {
        "name": "chipped:spiral_gilded_blackstone"
      },
      {
        "name": "chipped:spiraled_blackstone"
      },
      {
        "name": "chipped:spiraled_gilded_blackstone"
      },
      {
        "name": "chipped:stacked_blackstone_bricks"
      },
      {
        "name": "chipped:stacked_gilded_blackstone_bricks"
      },
      {
        "name": "chipped:thick_inlayed_blackstone"
      },
      {
        "name": "chipped:thick_inlayed_gilded_blackstone"
      },
      {
        "name": "chipped:tiled_blackstone"
      },
      {
        "name": "chipped:tiled_blackstone_column"
      },
      {
        "name": "chipped:tiled_bordered_blackstone"
      },
      {
        "name": "chipped:tiled_bordered_gilded_blackstone"
      },
      {
        "name": "chipped:tiled_gilded_blackstone"
      },
      {
        "name": "chipped:tiled_gilded_blackstone_column"
      },
      {
        "name": "chipped:tiny_blackstone_bricks"
      },
      {
        "name": "chipped:tiny_brick_bordered_blackstone"
      },
      {
        "name": "chipped:tiny_brick_bordered_gilded_blackstone"
      },
      {
        "name": "chipped:tiny_gilded_blackstone_bricks"
      },
      {
        "name": "chipped:tiny_layered_blackstone_bricks"
      },
      {
        "name": "chipped:tiny_layered_gilded_blackstone_bricks"
      },
      {
        "name": "chipped:trodden_blackstone"
      },
      {
        "name": "chipped:trodden_gilded_blackstone"
      },
      {
        "name": "chipped:unamused_blackstone"
      },
      {
        "name": "chipped:unamused_gilded_blackstone"
      },
      {
        "name": "chipped:vertical_cut_blackstone"
      },
      {
        "name": "chipped:vertical_cut_gilded_blackstone"
      },
      {
        "name": "chipped:vertical_disordered_blackstone_bricks"
      },
      {
        "name": "chipped:vertical_disordered_gilded_blackstone_bricks"
      },
      {
        "name": "chipped:weathered_gilded_blackstone"
      },
      {
        "name": "supplementaries:blackstone_tile"
      },
      {
        "name": "minecraft:end_stone"
      },
      {
        "name": "minecraft:end_stone_bricks"
      },
      {
        "name": "chipped:angry_end_stone"
      },
      {
        "name": "chipped:blank_end_stone_carving"
      },
      {
        "name": "chipped:bordered_end_stone"
      },
      {
        "name": "chipped:brick_bordered_end_stone"
      },
      {
        "name": "chipped:carved_end_stone"
      },
      {
        "name": "chipped:checkered_end_stone_tiles"
      },
      {
        "name": "chipped:cobbled_end_stone"
      },
      {
        "name": "chipped:cracked_disordered_end_stone_bricks"
      },
      {
        "name": "chipped:cracked_end_stone_bricks"
      },
      {
        "name": "chipped:cracked_flat_end_stone_tiles"
      },
      {
        "name": "chipped:creeper_end_stone_carving"
      },
      {
        "name": "chipped:crying_end_stone"
      },
      {
        "name": "chipped:curly_end_stone_pillar"
      },
      {
        "name": "chipped:cut_blank_end_stone"
      },
      {
        "name": "chipped:cut_end_stone_column"
      },
      {
        "name": "chipped:duh_end_stone"
      },
      {
        "name": "chipped:edged_end_stone_bricks"
      },
      {
        "name": "chipped:end_stone_bricks"
      },
      {
        "name": "chipped:end_stone_mini_tiles"
      },
      {
        "name": "chipped:end_stone_pillar"
      },
      {
        "name": "chipped:end_stone_pillar_top"
      },
      {
        "name": "chipped:end_stone_scales"
      },
      {
        "name": "chipped:engraved_end_stone"
      },
      {
        "name": "chipped:eroded_end_stone"
      },
      {
        "name": "chipped:etched_end_stone_bricks"
      },
      {
        "name": "chipped:fine_end_stone_pillar"
      },
      {
        "name": "chipped:flat_end_stone_tiles"
      },
      {
        "name": "chipped:glad_end_stone"
      },
      {
        "name": "chipped:inlayed_end_stone"
      },
      {
        "name": "chipped:layed_end_stone_bricks"
      },
      {
        "name": "chipped:loded_end_stone"
      },
      {
        "name": "chipped:massive_end_stone_bricks"
      },
      {
        "name": "chipped:offset_end_stone_bricks"
      },
      {
        "name": "chipped:ornate_end_stone_pillar"
      },
      {
        "name": "chipped:overlapping_end_stone_tiles"
      },
      {
        "name": "chipped:pillar_end_stone_bricks"
      },
      {
        "name": "chipped:polished_end_stone"
      },
      {
        "name": "chipped:prismal_end_stone_remnants"
      },
      {
        "name": "chipped:rough_end_stone"
      },
      {
        "name": "chipped:rounded_end_stone_bricks"
      },
      {
        "name": "chipped:runic_carved_end_stone"
      },
      {
        "name": "chipped:sad_end_stone"
      },
      {
        "name": "chipped:sanded_end_stone"
      },
      {
        "name": "chipped:simple_end_stone_pillar"
      },
      {
        "name": "chipped:small_end_stone_bricks"
      },
      {
        "name": "chipped:smooth_end_stone_column"
      },
      {
        "name": "chipped:smooth_inlayed_end_stone"
      },
      {
        "name": "chipped:smooth_ringed_end_stone"
      },
      {
        "name": "chipped:smoothed_double_inlayed_end_stone"
      },
      {
        "name": "chipped:spider_end_stone_carving"
      },
      {
        "name": "chipped:spiraled_end_stone"
      },
      {
        "name": "chipped:stacked_end_stone_bricks"
      },
      {
        "name": "chipped:thick_inlayed_end_stone"
      },
      {
        "name": "chipped:tiled_bordered_end_stone"
      },
      {
        "name": "chipped:tiled_end_stone"
      },
      {
        "name": "chipped:tiled_end_stone_column"
      },
      {
        "name": "chipped:tiny_brick_bordered_end_stone"
      },
      {
        "name": "chipped:tiny_end_stone_bricks"
      },
      {
        "name": "chipped:tiny_layered_end_stone_bricks"
      },
      {
        "name": "chipped:trodden_end_stone"
      },
      {
        "name": "chipped:unamused_end_stone"
      },
      {
        "name": "chipped:vertical_cut_end_stone"
      },
      {
        "name": "chipped:vertical_disordered_end_stone_bricks"
      },
      {
        "name": "chipped:weathered_end_stone"
      },
      {
        "name": "supplementaries:end_stone_lamp"
      },
      {
        "name": "create:cut_limestone"
      },
      {
        "name": "create:cut_limestone_bricks"
      },
      {
        "name": "create:layered_limestone"
      },
      {
        "name": "create:limestone"
      },
      {
        "name": "create:limestone_pillar"
      },
      {
        "name": "create:polished_cut_limestone"
      },
      {
        "name": "create:small_limestone_bricks"
      },
      {
        "name": "dawnoftimebuilder:cobbled_limestone"
      },
      {
        "name": "dawnoftimebuilder:limestone_bricks"
      },
      {
        "name": "aether:angelic_stone"
      },
      {
        "name": "aether:light_angelic_stone"
      },
      {
        "name": "aether:locked_angelic_stone"
      },
      {
        "name": "aether:locked_light_angelic_stone"
      },
      {
        "name": "aether:trapped_angelic_stone"
      },
      {
        "name": "aether:trapped_light_angelic_stone"
      },
      {
        "name": "aether:carved_stone"
      },
      {
        "name": "aether:locked_carved_stone"
      },
      {
        "name": "aether:trapped_carved_stone"
      },
      {
        "name": "chipped:carved_stone"
      },
      {
        "name": "chipped:runic_carved_stone"
      },
      {
        "name": "aether:hellfire_stone"
      },
      {
        "name": "aether:light_hellfire_stone"
      },
      {
        "name": "aether:locked_hellfire_stone"
      },
      {
        "name": "aether:locked_light_hellfire_stone"
      },
      {
        "name": "aether:trapped_hellfire_stone"
      },
      {
        "name": "aether:trapped_light_hellfire_stone"
      },
      {
        "name": "aether:holystone"
      },
      {
        "name": "aether:holystone_bricks"
      },
      {
        "name": "aether:mossy_holystone"
      },
      {
        "name": "aether:icestone"
      },
      {
        "name": "aether:locked_sentry_stone"
      },
      {
        "name": "aether:sentry_stone"
      },
      {
        "name": "aether:trapped_sentry_stone"
      },
      {
        "name": "aether:healing_stone"
      },
      {
        "name": "aether:regeneration_stone"
      }
    ]
  }
  