{
    "tab_enabled": true,
    "tab_name": "weapons",
    "tab_stack": { "name": "minecraft:netherite_sword"},
    "tab_items": [
        {
            "name": "aether:candy_cane_sword",
            "hide_old_tab": true
        },
        {
            "name": "aether:flaming_sword",
            "hide_old_tab": true
        },
        {
            "name": "aether:gravitite_sword",
            "hide_old_tab": true
        },
        {
            "name": "aether:holy_sword",
            "hide_old_tab": true
        },
        {
            "name": "aether:holystone_sword",
            "hide_old_tab": true
        },
        {
            "name": "aether:lightning_sword",
            "hide_old_tab": true
        },
        {
            "name": "aether:skyroot_sword",
            "hide_old_tab": true
        },
        {
            "name": "aether:zanite_sword",
            "hide_old_tab": true
        },
        {
            "name": "alexsmobs:skelewag_sword",
            "hide_old_tab": true
        },
        {
            "name": "alexsmobs:skelewag_sword",
            "hide_old_tab": true
        },
        {
            "name": "alexsmobs:skelewag_sword",
            "hide_old_tab": true
        },
        {
            "name": "aquaculture:neptunium_sword",
            "hide_old_tab": true
        },
        {
            "name": "knightquest:paladin_sword",
            "hide_old_tab": true
        },
        {
            "name": "knightquest:steel_sword",
            "hide_old_tab": true
        },
        {
            "name": "knightquest:water_sword",
            "hide_old_tab": true
        },
        {
            "name": "magistuarmory:messer_sword",
            "hide_old_tab": true
        },
        {
            "name": "magistuarmory:noble_sword",
            "hide_old_tab": true
        },
        {
            "name": "minecraft:diamond_sword",
            "hide_old_tab": true
        },
        {
            "name": "minecraft:golden_sword",
            "hide_old_tab": true
        },
        {
            "name": "minecraft:iron_sword",
            "hide_old_tab": true
        },
        {
            "name": "minecraft:netherite_sword",
            "hide_old_tab": true
        },
        {
            "name": "minecraft:stone_sword",
            "hide_old_tab": true
        },
        {
            "name": "minecraft:wooden_sword",
            "hide_old_tab": true
        },
        {
            "name": "projectred_exploration:peridot_sword",
            "hide_old_tab": true
        },
        {
            "name": "projectred_exploration:ruby_sword",
            "hide_old_tab": true
        },
        {
            "name": "projectred_exploration:sapphire_sword",
            "hide_old_tab": true
        },
        {
            "name": "rats:ratlantis_sword",
            "hide_old_tab": true
        },
        {
            "name": "valarian_conquest:bandit_sword",
            "hide_old_tab": true
        },
        {
            "name": "valarian_conquest:bohemian_sword",
            "hide_old_tab": true
        },
        {
            "name": "valarian_conquest:caladrian_sword",
            "hide_old_tab": true
        },
        {
            "name": "valarian_conquest:draugr_sword",
            "hide_old_tab": true
        },
        {
            "name": "valarian_conquest:galician_sword",
            "hide_old_tab": true
        },
        {
            "name": "valarian_conquest:gardonian_sword",
            "hide_old_tab": true
        },
        {
            "name": "valarian_conquest:lancastian_sword",
            "hide_old_tab": true
        },
        {
            "name": "valarian_conquest:mercenary_sword",
            "hide_old_tab": true
        },
        {
            "name": "valarian_conquest:numerian_sword",
            "hide_old_tab": true
        },
        {
            "name": "valarian_conquest:valarian_sword",
            "hide_old_tab": true
        },
        {
            "name": "valarian_conquest:visgothian_sword",
            "hide_old_tab": true
        },
        {
            "name": "magistuarmory:bronze_bastardsword",
            "hide_old_tab": true
        },
        {
            "name": "magistuarmory:bronze_flamebladedsword",
            "hide_old_tab": true
        },
        {
            "name": "magistuarmory:bronze_shortsword",
            "hide_old_tab": true
        },
        {
            "name": "magistuarmory:copper_bastardsword",
            "hide_old_tab": true
        },
        {
            "name": "magistuarmory:copper_flamebladedsword",
            "hide_old_tab": true
        },
        {
            "name": "magistuarmory:copper_shortsword",
            "hide_old_tab": true
        },
        {
            "name": "magistuarmory:diamond_bastardsword",
            "hide_old_tab": true
        },
        {
            "name": "magistuarmory:diamond_flamebladedsword",
            "hide_old_tab": true
        },
        {
            "name": "magistuarmory:diamond_shortsword",
            "hide_old_tab": true
        },
        {
            "name": "magistuarmory:gold_bastardsword",
            "hide_old_tab": true
        },
        {
            "name": "magistuarmory:gold_flamebladedsword",
            "hide_old_tab": true
        },
        {
            "name": "magistuarmory:gold_shortsword",
            "hide_old_tab": true
        },
        {
            "name": "magistuarmory:iron_bastardsword",
            "hide_old_tab": true
        },
        {
            "name": "magistuarmory:iron_flamebladedsword",
            "hide_old_tab": true
        },
        {
            "name": "magistuarmory:iron_shortsword",
            "hide_old_tab": true
        },
        {
            "name": "magistuarmory:netherite_bastardsword",
            "hide_old_tab": true
        },
        {
            "name": "magistuarmory:netherite_flamebladedsword",
            "hide_old_tab": true
        },
        {
            "name": "magistuarmory:netherite_shortsword",
            "hide_old_tab": true
        },
        {
            "name": "magistuarmory:rusted_bastardsword",
            "hide_old_tab": true
        },
        {
            "name": "magistuarmory:silver_bastardsword",
            "hide_old_tab": true
        },
        {
            "name": "magistuarmory:silver_flamebladedsword",
            "hide_old_tab": true
        },
        {
            "name": "magistuarmory:silver_shortsword",
            "hide_old_tab": true
        },
        {
            "name": "magistuarmory:steel_bastardsword",
            "hide_old_tab": true
        },
        {
            "name": "magistuarmory:steel_flamebladedsword",
            "hide_old_tab": true
        },
        {
            "name": "magistuarmory:steel_shortsword",
            "hide_old_tab": true
        },
        {
            "name": "magistuarmory:stone_bastardsword",
            "hide_old_tab": true
        },
        {
            "name": "magistuarmory:stone_flamebladedsword",
            "hide_old_tab": true
        },
        {
            "name": "magistuarmory:stone_shortsword",
            "hide_old_tab": true
        },
        {
            "name": "magistuarmory:sword",
            "hide_old_tab": true
        },
        {
            "name": "magistuarmory:tin_bastardsword",
            "hide_old_tab": true
        },
        {
            "name": "magistuarmory:tin_flamebladedsword",
            "hide_old_tab": true
        },
        {
            "name": "magistuarmory:tin_shortsword",
            "hide_old_tab": true
        },
        {
            "name": "magistuarmory:wood_bastardsword",
            "hide_old_tab": true
        },
        {
            "name": "magistuarmory:wood_flamebladedsword",
            "hide_old_tab": true
        },
        {
            "name": "magistuarmory:wood_shortsword",
            "hide_old_tab": true
        },
        {
            "name": "valarian_conquest:sword",
            "hide_old_tab": true
        },
        {
            "name": "aether:gravitite_axe",
            "hide_old_tab": true
        },
        {
            "name": "aether:holystone_axe",
            "hide_old_tab": true
        },
        {
            "name": "aether:skyroot_axe",
            "hide_old_tab": true
        },
        {
            "name": "aether:valkyrie_axe",
            "hide_old_tab": true
        },
        {
            "name": "aether:zanite_axe",
            "hide_old_tab": true
        },
        {
            "name": "aquaculture:neptunium_axe",
            "hide_old_tab": true
        },
        {
            "name": "knightquest:steel_axe",
            "hide_old_tab": true
        },
        {
            "name": "knightquest:water_axe",
            "hide_old_tab": true
        },
        {
            "name": "minecraft:diamond_axe",
            "hide_old_tab": true
        },
        {
            "name": "minecraft:golden_axe",
            "hide_old_tab": true
        },
        {
            "name": "minecraft:iron_axe",
            "hide_old_tab": true
        },
        {
            "name": "minecraft:netherite_axe",
            "hide_old_tab": true
        },
        {
            "name": "minecraft:stone_axe",
            "hide_old_tab": true
        },
        {
            "name": "minecraft:wooden_axe",
            "hide_old_tab": true
        },
        {
            "name": "projectred_exploration:peridot_axe",
            "hide_old_tab": true
        },
        {
            "name": "projectred_exploration:ruby_axe",
            "hide_old_tab": true
        },
        {
            "name": "projectred_exploration:sapphire_axe",
            "hide_old_tab": true
        },
        {
            "name": "rats:ratlantis_axe",
            "hide_old_tab": true
        },
        {
            "name": "valarian_conquest:draugr_axe",
            "hide_old_tab": true
        },
        {
            "name": "valarian_conquest:heavy_axe",
            "hide_old_tab": true
        },
        {
            "name": "valarian_conquest:light_axe",
            "hide_old_tab": true
        },
        {
            "name": "aether:lightning_knife",
            "hide_old_tab": true
        },
        {
            "name": "aquaculture:diamond_fillet_knife",
            "hide_old_tab": true
        },
        {
            "name": "aquaculture:gold_fillet_knife",
            "hide_old_tab": true
        },
        {
            "name": "aquaculture:iron_fillet_knife",
            "hide_old_tab": true
        },
        {
            "name": "aquaculture:neptunium_fillet_knife",
            "hide_old_tab": true
        },
        {
            "name": "aquaculture:stone_fillet_knife",
            "hide_old_tab": true
        },
        {
            "name": "aquaculture:wooden_fillet_knife",
            "hide_old_tab": true
        },
        {
            "name": "aquaculturedelight:neptunium_knife",
            "hide_old_tab": true
        },
        {
            "name": "decocraft:knife",
            "hide_old_tab": true
        },
        {
            "name": "delightful:adamantium_knife",
            "hide_old_tab": true
        },
        {
            "name": "delightful:alf_knife",
            "hide_old_tab": true
        },
        {
            "name": "delightful:allthemodium_knife",
            "hide_old_tab": true
        },
        {
            "name": "delightful:aluminum_knife",
            "hide_old_tab": true
        },
        {
            "name": "delightful:amethyst_knife",
            "hide_old_tab": true
        },
        {
            "name": "delightful:black_opal_knife",
            "hide_old_tab": true
        },
        {
            "name": "delightful:blazing_knife",
            "hide_old_tab": true
        },
        {
            "name": "delightful:bone_knife",
            "hide_old_tab": true
        },
        {
            "name": "delightful:brass_knife",
            "hide_old_tab": true
        },
        {
            "name": "delightful:bronze_knife",
            "hide_old_tab": true
        },
        {
            "name": "delightful:certus_quartz_knife",
            "hide_old_tab": true
        },
        {
            "name": "delightful:cloggrum_knife",
            "hide_old_tab": true
        },
        {
            "name": "delightful:constantan_knife",
            "hide_old_tab": true
        },
        {
            "name": "delightful:copper_knife",
            "hide_old_tab": true
        },
        {
            "name": "delightful:crystalline_knife",
            "hide_old_tab": true
        },
        {
            "name": "delightful:draco_arcanus_knife",
            "hide_old_tab": true
        },
        {
            "name": "delightful:electrum_knife",
            "hide_old_tab": true
        },
        {
            "name": "delightful:elementium_knife",
            "hide_old_tab": true
        },
        {
            "name": "delightful:emerald_knife",
            "hide_old_tab": true
        },
        {
            "name": "delightful:enderite_knife",
            "hide_old_tab": true
        },
        {
            "name": "delightful:experience_knife",
            "hide_old_tab": true
        },
        {
            "name": "delightful:fiery_knife",
            "hide_old_tab": true
        },
        {
            "name": "delightful:fluix_knife",
            "hide_old_tab": true
        },
        {
            "name": "delightful:forgotten_knife",
            "hide_old_tab": true
        },
        {
            "name": "delightful:froststeel_knife",
            "hide_old_tab": true
        },
        {
            "name": "delightful:gilded_netherite_knife",
            "hide_old_tab": true
        },
        {
            "name": "delightful:gilded_quartz_knife",
            "hide_old_tab": true
        },
        {
            "name": "delightful:gravitite_knife",
            "hide_old_tab": true
        },
        {
            "name": "delightful:holystone_knife",
            "hide_old_tab": true
        },
        {
            "name": "delightful:infused_veridium_knife",
            "hide_old_tab": true
        },
        {
            "name": "delightful:invar_knife",
            "hide_old_tab": true
        },
        {
            "name": "delightful:ironwood_knife",
            "hide_old_tab": true
        },
        {
            "name": "delightful:kiwano_knife",
            "hide_old_tab": true
        },
        {
            "name": "delightful:knightmetal_knife",
            "hide_old_tab": true
        },
        {
            "name": "delightful:lapis_lazuli_knife",
            "hide_old_tab": true
        },
        {
            "name": "delightful:large_amethyst_knife",
            "hide_old_tab": true
        },
        {
            "name": "delightful:lead_knife",
            "hide_old_tab": true
        },
        {
            "name": "delightful:leaf_knife",
            "hide_old_tab": true
        },
        {
            "name": "delightful:living_knife",
            "hide_old_tab": true
        },
        {
            "name": "delightful:manasteel_knife",
            "hide_old_tab": true
        },
        {
            "name": "delightful:mythril_knife",
            "hide_old_tab": true
        },
        {
            "name": "delightful:necronium_knife",
            "hide_old_tab": true
        },
        {
            "name": "delightful:nether_quartz_knife",
            "hide_old_tab": true
        },
        {
            "name": "delightful:netherite_opal_knife",
            "hide_old_tab": true
        },
        {
            "name": "delightful:nickel_knife",
            "hide_old_tab": true
        },
        {
            "name": "delightful:obsidian_infused_enderite_knife",
            "hide_old_tab": true
        },
        {
            "name": "delightful:onyx_knife",
            "hide_old_tab": true
        },
        {
            "name": "delightful:osmium_knife",
            "hide_old_tab": true
        },
        {
            "name": "delightful:pearlescent_knife",
            "hide_old_tab": true
        },
        {
            "name": "delightful:phoenix_knife",
            "hide_old_tab": true
        },
        {
            "name": "delightful:refined_glowstone_knife",
            "hide_old_tab": true
        },
        {
            "name": "delightful:refined_obsidian_knife",
            "hide_old_tab": true
        },
        {
            "name": "delightful:resonarium_knife",
            "hide_old_tab": true
        },
        {
            "name": "delightful:rose_gold_knife",
            "hide_old_tab": true
        },
        {
            "name": "delightful:silver_knife",
            "hide_old_tab": true
        },
        {
            "name": "delightful:sinisite_knife",
            "hide_old_tab": true
        },
        {
            "name": "delightful:skyjade_knife",
            "hide_old_tab": true
        },
        {
            "name": "delightful:skyroot_knife",
            "hide_old_tab": true
        },
        {
            "name": "delightful:soul_steel_knife",
            "hide_old_tab": true
        },
        {
            "name": "delightful:steel_knife",
            "hide_old_tab": true
        },
        {
            "name": "delightful:steeleaf_knife",
            "hide_old_tab": true
        },
        {
            "name": "delightful:stratus_knife",
            "hide_old_tab": true
        },
        {
            "name": "delightful:terra_knife",
            "hide_old_tab": true
        },
        {
            "name": "delightful:thyrium_knife",
            "hide_old_tab": true
        },
        {
            "name": "delightful:tin_knife",
            "hide_old_tab": true
        },
        {
            "name": "delightful:utherium_knife",
            "hide_old_tab": true
        },
        {
            "name": "delightful:valkyrum_knife",
            "hide_old_tab": true
        },
        {
            "name": "delightful:veridium_knife",
            "hide_old_tab": true
        },
        {
            "name": "delightful:warden_knife",
            "hide_old_tab": true
        },
        {
            "name": "delightful:zanite_knife",
            "hide_old_tab": true
        },
        {
            "name": "delightful:zinc_knife",
            "hide_old_tab": true
        },
        {
            "name": "farmersdelight:diamond_knife",
            "hide_old_tab": true
        },
        {
            "name": "farmersdelight:flint_knife",
            "hide_old_tab": true
        },
        {
            "name": "farmersdelight:golden_knife",
            "hide_old_tab": true
        },
        {
            "name": "farmersdelight:iron_knife",
            "hide_old_tab": true
        },
        {
            "name": "farmersdelight:netherite_knife",
            "hide_old_tab": true
        },
        {
            "name": "refurbished_furniture:knife",
            "hide_old_tab": true
        },
        {
            "name": "minecraft:trident",
            "hide_old_tab": true
        },
        {
            "name": "knightquest:khopesh_claymore",
            "hide_old_tab": true
        },
        {
            "name": "knightquest:cleaver",
            "hide_old_tab": true
        },
        {
            "name": "knightquest:kukri_dagger",
            "hide_old_tab": true
        },
        {
            "name": "knightquest:uchigatana_katana",
            "hide_old_tab": true
        },
        {
            "name": "knightquest:nail_glaive",
            "hide_old_tab": true
        },
        {
            "name": "magistuarmory:blacksmith_hammer",
            "hide_old_tab": true
        },
        {
            "name": "magistuarmory:barbedclub",
            "hide_old_tab": true
        },
        {
            "name": "magistuarmory:pitchfork",
            "hide_old_tab": true
        },
        {
            "name": "magistuarmory:club",
            "hide_old_tab": true
        },
        {
            "name": "magistuarmory:bronze_stylet",
            "hide_old_tab": true
        },
        {
            "name": "magistuarmory:copper_stylet",
            "hide_old_tab": true
        },
        {
            "name": "magistuarmory:diamond_stylet",
            "hide_old_tab": true
        },
        {
            "name": "magistuarmory:gold_stylet",
            "hide_old_tab": true
        },
        {
            "name": "magistuarmory:iron_stylet",
            "hide_old_tab": true
        },
        {
            "name": "magistuarmory:netherite_stylet",
            "hide_old_tab": true
        },
        {
            "name": "magistuarmory:silver_stylet",
            "hide_old_tab": true
        },
        {
            "name": "magistuarmory:steel_stylet",
            "hide_old_tab": true
        },
        {
            "name": "magistuarmory:stone_stylet",
            "hide_old_tab": true
        },
        {
            "name": "magistuarmory:tin_stylet",
            "hide_old_tab": true
        },
        {
            "name": "magistuarmory:wood_stylet",
            "hide_old_tab": true
        },
        {
            "name": "magistuarmory:copper_katzbalger",
            "hide_old_tab": true
        },
        {
            "name": "magistuarmory:bronze_katzbalger",
            "hide_old_tab": true
        },
        {
            "name": "magistuarmory:diamond_katzbalger",
            "hide_old_tab": true
        },
        {
            "name": "magistuarmory:gold_katzbalger",
            "hide_old_tab": true
        },
        {
            "name": "magistuarmory:iron_katzbalger",
            "hide_old_tab": true
        },
        {
            "name": "magistuarmory:netherite_katzbalger",
            "hide_old_tab": true
        },
        {
            "name": "magistuarmory:silver_katzbalger",
            "hide_old_tab": true
        },
        {
            "name": "magistuarmory:steel_katzbalger",
            "hide_old_tab": true
        },
        {
            "name": "magistuarmory:stone_katzbalger",
            "hide_old_tab": true
        },
        {
            "name": "magistuarmory:tin_katzbalger",
            "hide_old_tab": true
        },
        {
            "name": "magistuarmory:wood_katzbalger",
            "hide_old_tab": true
        },
        {
            "name": "magistuarmory:bronze_pike",
            "hide_old_tab": true
        },
        {
            "name": "magistuarmory:copper_pike",
            "hide_old_tab": true
        },
        {
            "name": "magistuarmory:diamond_pike",
            "hide_old_tab": true
        },
        {
            "name": "magistuarmory:gold_pike",
            "hide_old_tab": true
        },
        {
            "name": "magistuarmory:iron_pike",
            "hide_old_tab": true
        },
        {
            "name": "magistuarmory:netherite_pike",
            "hide_old_tab": true
        },
        {
            "name": "magistuarmory:silver_pike",
            "hide_old_tab": true
        },
        {
            "name": "magistuarmory:spike",
            "hide_old_tab": true
        },
        {
            "name": "magistuarmory:steel_pike",
            "hide_old_tab": true
        },
        {
            "name": "magistuarmory:stone_pike",
            "hide_old_tab": true
        },
        {
            "name": "magistuarmory:tin_pike",
            "hide_old_tab": true
        },
        {
            "name": "magistuarmory:wood_pike",
            "hide_old_tab": true
        },
        {
            "name": "magistuarmory:bronze_ranseur",
            "hide_old_tab": true
        },
        {
            "name": "magistuarmory:copper_ranseur",
            "hide_old_tab": true
        },
        {
            "name": "magistuarmory:diamond_ranseur",
            "hide_old_tab": true
        },
        {
            "name": "magistuarmory:gold_ranseur",
            "hide_old_tab": true
        },
        {
            "name": "magistuarmory:iron_ranseur",
            "hide_old_tab": true
        },
        {
            "name": "magistuarmory:netherite_ranseur",
            "hide_old_tab": true
        },
        {
            "name": "magistuarmory:silver_ranseur",
            "hide_old_tab": true
        },
        {
            "name": "magistuarmory:steel_ranseur",
            "hide_old_tab": true
        },
        {
            "name": "magistuarmory:stone_ranseur",
            "hide_old_tab": true
        },
        {
            "name": "magistuarmory:tin_ranseur",
            "hide_old_tab": true
        },
        {
            "name": "magistuarmory:wood_ranseur",
            "hide_old_tab": true
        },
        {
            "name": "magistuarmory:bronze_ahlspiess",
            "hide_old_tab": true
        },
        {
            "name": "magistuarmory:copper_ahlspiess",
            "hide_old_tab": true
        },
        {
            "name": "magistuarmory:diamond_ahlspiess",
            "hide_old_tab": true
        },
        {
            "name": "magistuarmory:gold_ahlspiess",
            "hide_old_tab": true
        },
        {
            "name": "magistuarmory:iron_ahlspiess",
            "hide_old_tab": true
        },
        {
            "name": "magistuarmory:netherite_ahlspiess",
            "hide_old_tab": true
        },
        {
            "name": "magistuarmory:silver_ahlspiess",
            "hide_old_tab": true
        },
        {
            "name": "magistuarmory:steel_ahlspiess",
            "hide_old_tab": true
        },
        {
            "name": "magistuarmory:stone_ahlspiess",
            "hide_old_tab": true
        },
        {
            "name": "magistuarmory:tin_ahlspiess",
            "hide_old_tab": true
        },
        {
            "name": "magistuarmory:wood_ahlspiess",
            "hide_old_tab": true
        },
        {
            "name": "aether:valkyrie_lance",
            "hide_old_tab": true
        },
        {
            "name": "magistuarmory:bronze_chivalrylance",
            "hide_old_tab": true
        },
        {
            "name": "magistuarmory:copper_chivalrylance",
            "hide_old_tab": true
        },
        {
            "name": "magistuarmory:diamond_chivalrylance",
            "hide_old_tab": true
        },
        {
            "name": "magistuarmory:gold_chivalrylance",
            "hide_old_tab": true
        },
        {
            "name": "magistuarmory:iron_chivalrylance",
            "hide_old_tab": true
        },
        {
            "name": "magistuarmory:netherite_chivalrylance",
            "hide_old_tab": true
        },
        {
            "name": "magistuarmory:silver_chivalrylance",
            "hide_old_tab": true
        },
        {
            "name": "magistuarmory:steel_chivalrylance",
            "hide_old_tab": true
        },
        {
            "name": "magistuarmory:stone_chivalrylance",
            "hide_old_tab": true
        },
        {
            "name": "magistuarmory:tin_chivalrylance",
            "hide_old_tab": true
        },
        {
            "name": "magistuarmory:wood_chivalrylance",
            "hide_old_tab": true
        },
        {
            "name": "magistuarmory:bronze_estoc",
            "hide_old_tab": true
        },
        {
            "name": "magistuarmory:copper_estoc",
            "hide_old_tab": true
        },
        {
            "name": "magistuarmory:diamond_estoc",
            "hide_old_tab": true
        },
        {
            "name": "magistuarmory:gold_estoc",
            "hide_old_tab": true
        },
        {
            "name": "magistuarmory:iron_estoc",
            "hide_old_tab": true
        },
        {
            "name": "magistuarmory:netherite_estoc",
            "hide_old_tab": true
        },
        {
            "name": "magistuarmory:silver_estoc",
            "hide_old_tab": true
        },
        {
            "name": "magistuarmory:steel_estoc",
            "hide_old_tab": true
        },
        {
            "name": "magistuarmory:stone_estoc",
            "hide_old_tab": true
        },
        {
            "name": "magistuarmory:tin_estoc",
            "hide_old_tab": true
        },
        {
            "name": "magistuarmory:wood_estoc",
            "hide_old_tab": true
        },
        {
            "name": "magistuarmory:bronze_claymore",
            "hide_old_tab": true
        },
        {
            "name": "magistuarmory:copper_claymore",
            "hide_old_tab": true
        },
        {
            "name": "magistuarmory:diamond_claymore",
            "hide_old_tab": true
        },
        {
            "name": "magistuarmory:gold_claymore",
            "hide_old_tab": true
        },
        {
            "name": "magistuarmory:iron_claymore",
            "hide_old_tab": true
        },
        {
            "name": "magistuarmory:netherite_claymore",
            "hide_old_tab": true
        },
        {
            "name": "magistuarmory:silver_claymore",
            "hide_old_tab": true
        },
        {
            "name": "magistuarmory:steel_claymore",
            "hide_old_tab": true
        },
        {
            "name": "magistuarmory:stone_claymore",
            "hide_old_tab": true
        },
        {
            "name": "magistuarmory:tin_claymore",
            "hide_old_tab": true
        },
        {
            "name": "magistuarmory:wood_claymore",
            "hide_old_tab": true
        },
        {
            "name": "magistuarmory:bronze_zweihander",
            "hide_old_tab": true
        },
        {
            "name": "magistuarmory:copper_zweihander",
            "hide_old_tab": true
        },
        {
            "name": "magistuarmory:diamond_zweihander",
            "hide_old_tab": true
        },
        {
            "name": "magistuarmory:gold_zweihander",
            "hide_old_tab": true
        },
        {
            "name": "magistuarmory:iron_zweihander",
            "hide_old_tab": true
        },
        {
            "name": "magistuarmory:netherite_zweihander",
            "hide_old_tab": true
        },
        {
            "name": "magistuarmory:silver_zweihander",
            "hide_old_tab": true
        },
        {
            "name": "magistuarmory:steel_zweihander",
            "hide_old_tab": true
        },
        {
            "name": "magistuarmory:stone_zweihander",
            "hide_old_tab": true
        },
        {
            "name": "magistuarmory:tin_zweihander",
            "hide_old_tab": true
        },
        {
            "name": "magistuarmory:wood_zweihander",
            "hide_old_tab": true
        },
        {
            "name": "magistuarmory:bronze_lochaberaxe",
            "hide_old_tab": true
        },
        {
            "name": "magistuarmory:copper_lochaberaxe",
            "hide_old_tab": true
        },
        {
            "name": "magistuarmory:diamond_lochaberaxe",
            "hide_old_tab": true
        },
        {
            "name": "magistuarmory:gold_lochaberaxe",
            "hide_old_tab": true
        },
        {
            "name": "magistuarmory:iron_lochaberaxe",
            "hide_old_tab": true
        },
        {
            "name": "magistuarmory:netherite_lochaberaxe",
            "hide_old_tab": true
        },
        {
            "name": "magistuarmory:silver_lochaberaxe",
            "hide_old_tab": true
        },
        {
            "name": "magistuarmory:steel_lochaberaxe",
            "hide_old_tab": true
        },
        {
            "name": "magistuarmory:stone_lochaberaxe",
            "hide_old_tab": true
        },
        {
            "name": "magistuarmory:tin_lochaberaxe",
            "hide_old_tab": true
        },
        {
            "name": "magistuarmory:wood_lochaberaxe",
            "hide_old_tab": true
        },
        {
            "name": "magistuarmory:bronze_concavehalberd",
            "hide_old_tab": true
        },
        {
            "name": "magistuarmory:copper_concavehalberd",
            "hide_old_tab": true
        },
        {
            "name": "magistuarmory:diamond_concavehalberd",
            "hide_old_tab": true
        },
        {
            "name": "magistuarmory:gold_concavehalberd",
            "hide_old_tab": true
        },
        {
            "name": "magistuarmory:iron_concavehalberd",
            "hide_old_tab": true
        },
        {
            "name": "magistuarmory:netherite_concavehalberd",
            "hide_old_tab": true
        },
        {
            "name": "magistuarmory:silver_concavehalberd",
            "hide_old_tab": true
        },
        {
            "name": "magistuarmory:steel_concavehalberd",
            "hide_old_tab": true
        },
        {
            "name": "magistuarmory:stone_concavehalberd",
            "hide_old_tab": true
        },
        {
            "name": "magistuarmory:tin_concavehalberd",
            "hide_old_tab": true
        },
        {
            "name": "magistuarmory:wood_concavehalberd",
            "hide_old_tab": true
        },
        {
            "name": "magistuarmory:bronze_heavymace",
            "hide_old_tab": true
        },
        {
            "name": "magistuarmory:copper_heavymace",
            "hide_old_tab": true
        },
        {
            "name": "magistuarmory:diamond_heavymace",
            "hide_old_tab": true
        },
        {
            "name": "magistuarmory:gold_heavymace",
            "hide_old_tab": true
        },
        {
            "name": "magistuarmory:iron_heavymace",
            "hide_old_tab": true
        },
        {
            "name": "magistuarmory:netherite_heavymace",
            "hide_old_tab": true
        },
        {
            "name": "magistuarmory:rusted_heavymace",
            "hide_old_tab": true
        },
        {
            "name": "magistuarmory:silver_heavymace",
            "hide_old_tab": true
        },
        {
            "name": "magistuarmory:steel_heavymace",
            "hide_old_tab": true
        },
        {
            "name": "magistuarmory:stone_heavymace",
            "hide_old_tab": true
        },
        {
            "name": "magistuarmory:tin_heavymace",
            "hide_old_tab": true
        },
        {
            "name": "magistuarmory:wood_heavymace",
            "hide_old_tab": true
        },
        {
            "name": "magistuarmory:bronze_heavywarhammer",
            "hide_old_tab": true
        },
        {
            "name": "magistuarmory:copper_heavywarhammer",
            "hide_old_tab": true
        },
        {
            "name": "magistuarmory:diamond_heavywarhammer",
            "hide_old_tab": true
        },
        {
            "name": "magistuarmory:gold_heavywarhammer",
            "hide_old_tab": true
        },
        {
            "name": "magistuarmory:iron_heavywarhammer",
            "hide_old_tab": true
        },
        {
            "name": "magistuarmory:netherite_heavywarhammer",
            "hide_old_tab": true
        },
        {
            "name": "magistuarmory:silver_heavywarhammer",
            "hide_old_tab": true
        },
        {
            "name": "magistuarmory:steel_heavywarhammer",
            "hide_old_tab": true
        },
        {
            "name": "magistuarmory:stone_heavywarhammer",
            "hide_old_tab": true
        },
        {
            "name": "magistuarmory:tin_heavywarhammer",
            "hide_old_tab": true
        },
        {
            "name": "magistuarmory:wood_heavywarhammer",
            "hide_old_tab": true
        },
        {
            "name": "magistuarmory:bronze_lucernhammer",
            "hide_old_tab": true
        },
        {
            "name": "magistuarmory:copper_lucernhammer",
            "hide_old_tab": true
        },
        {
            "name": "magistuarmory:diamond_lucernhammer",
            "hide_old_tab": true
        },
        {
            "name": "magistuarmory:gold_lucernhammer",
            "hide_old_tab": true
        },
        {
            "name": "magistuarmory:iron_lucernhammer",
            "hide_old_tab": true
        },
        {
            "name": "magistuarmory:netherite_lucernhammer",
            "hide_old_tab": true
        },
        {
            "name": "magistuarmory:silver_lucernhammer",
            "hide_old_tab": true
        },
        {
            "name": "magistuarmory:steel_lucernhammer",
            "hide_old_tab": true
        },
        {
            "name": "magistuarmory:stone_lucernhammer",
            "hide_old_tab": true
        },
        {
            "name": "magistuarmory:tin_lucernhammer",
            "hide_old_tab": true
        },
        {
            "name": "magistuarmory:wood_lucernhammer",
            "hide_old_tab": true
        },
        {
            "name": "magistuarmory:bronze_chainmorgenstern",
            "hide_old_tab": true
        },
        {
            "name": "magistuarmory:bronze_morgenstern",
            "hide_old_tab": true
        },
        {
            "name": "magistuarmory:copper_chainmorgenstern",
            "hide_old_tab": true
        },
        {
            "name": "magistuarmory:copper_morgenstern",
            "hide_old_tab": true
        },
        {
            "name": "magistuarmory:diamond_chainmorgenstern",
            "hide_old_tab": true
        },
        {
            "name": "magistuarmory:diamond_morgenstern",
            "hide_old_tab": true
        },
        {
            "name": "magistuarmory:gold_chainmorgenstern",
            "hide_old_tab": true
        },
        {
            "name": "magistuarmory:gold_morgenstern",
            "hide_old_tab": true
        },
        {
            "name": "magistuarmory:iron_chainmorgenstern",
            "hide_old_tab": true
        },
        {
            "name": "magistuarmory:iron_morgenstern",
            "hide_old_tab": true
        },
        {
            "name": "magistuarmory:netherite_chainmorgenstern",
            "hide_old_tab": true
        },
        {
            "name": "magistuarmory:netherite_morgenstern",
            "hide_old_tab": true
        },
        {
            "name": "magistuarmory:silver_chainmorgenstern",
            "hide_old_tab": true
        },
        {
            "name": "magistuarmory:silver_morgenstern",
            "hide_old_tab": true
        },
        {
            "name": "magistuarmory:steel_chainmorgenstern",
            "hide_old_tab": true
        },
        {
            "name": "magistuarmory:steel_morgenstern",
            "hide_old_tab": true
        },
        {
            "name": "magistuarmory:stone_chainmorgenstern",
            "hide_old_tab": true
        },
        {
            "name": "magistuarmory:stone_morgenstern",
            "hide_old_tab": true
        },
        {
            "name": "magistuarmory:tin_chainmorgenstern",
            "hide_old_tab": true
        },
        {
            "name": "magistuarmory:tin_morgenstern",
            "hide_old_tab": true
        },
        {
            "name": "magistuarmory:wood_chainmorgenstern",
            "hide_old_tab": true
        },
        {
            "name": "magistuarmory:wood_morgenstern",
            "hide_old_tab": true
        },
        {
            "name": "magistuarmory:bronze_guisarme",
            "hide_old_tab": true
        },
        {
            "name": "magistuarmory:copper_guisarme",
            "hide_old_tab": true
        },
        {
            "name": "magistuarmory:diamond_guisarme",
            "hide_old_tab": true
        },
        {
            "name": "magistuarmory:gold_guisarme",
            "hide_old_tab": true
        },
        {
            "name": "magistuarmory:iron_guisarme",
            "hide_old_tab": true
        },
        {
            "name": "magistuarmory:netherite_guisarme",
            "hide_old_tab": true
        },
        {
            "name": "magistuarmory:silver_guisarme",
            "hide_old_tab": true
        },
        {
            "name": "magistuarmory:steel_guisarme",
            "hide_old_tab": true
        },
        {
            "name": "magistuarmory:stone_guisarme",
            "hide_old_tab": true
        },
        {
            "name": "magistuarmory:tin_guisarme",
            "hide_old_tab": true
        },
        {
            "name": "magistuarmory:wood_guisarme",
            "hide_old_tab": true
        }
    ]
  }